Day fraction since midnight on	T (s)	Hydraulic Residence Time	pH probe (pH)
0.609757849	1	0.000990495208	7.850072861
0.6098157273	2	0.001980990416	7.839765072
0.6098735952	3	0.002971485624	7.841414928
0.6099314684	4	0.003961980832	7.849553108
0.6099893367	5	0.00495247604	7.854076386
0.6100472102	6	0.005942971248	7.84693718
0.6101050831	7	0.006933466456	7.847279549
0.6101629469	8	0.007923961664	7.846282959
0.6102208295	9	0.008914456872	7.863742828
0.6102786927	10	0.00990495208	7.852180958
0.6103365663	11	0.01089544729	7.854418278
0.6103944311	12	0.0118859425	7.824771404
0.6104523099	13	0.0128764377	7.764472961
0.610510174	14	0.01386693291	7.724399567
0.6105680435	15	0.01485742812	7.690345287
0.6106259089	16	0.01584792333	7.642761231
0.6106837889	17	0.01683841854	7.611517906
0.6107416533	18	0.01782891374	7.572906971
0.6107995367	19	0.01881940895	7.543384075
0.6108573971	20	0.01980990416	7.518411636
0.6109152615	21	0.02080039937	7.48659277
0.6109731375	22	0.02179089458	7.458284855
0.611031001	23	0.02278138978	7.426954746
0.6110888795	24	0.02377188499	7.408782482
0.6111467506	25	0.0247623802	7.384394646
0.6112046143	26	0.02575287541	7.366333485
0.611262495	27	0.02674337062	7.341725349
0.6113203623	28	0.02773386582	7.319348335
0.6113782326	29	0.02872436103	7.3005476
0.6114361048	30	0.02971485624	7.270124435
0.611493974	31	0.03070535145	7.251856804
0.6115518471	32	0.03169584666	7.222439289
0.6116097066	33	0.03268634186	7.215242386
0.6116675902	34	0.03367683707	7.192458153
0.6117486098	35	0.03466733228	7.172066212
0.6117601717	36	0.03565782749	7.168173313
0.6117717475	37	0.0366483227	7.163107395
0.6117833244	38	0.0376388179	7.159250259
0.6117948966	39	0.03862931311	7.161192417
0.6118064753	40	0.03961980832	7.160862923
0.6118180552	41	0.04061030353	7.158557415
0.6118296223	42	0.04160079874	7.158761978
0.6118411913	43	0.04259129394	7.160324574
0.611852773	44	0.04358178915	7.156427383
0.6118643393	45	0.04457228436	7.158761978
0.611875921	46	0.04556277957	7.154516697
0.6118874938	47	0.04655327478	7.140707016
0.6118990704	48	0.04754376998	7.124343395
0.6119106413	49	0.04853426519	7.125152111
0.6119222089	50	0.0495247604	7.129908562
0.6119337916	51	0.05051525561	7.136487484
0.6119453572	52	0.05150575082	7.126297951
0.6119569402	53	0.05249624602	7.123028278
0.6119685098	54	0.05348674123	7.120117188
0.6119800824	55	0.05447723644	7.123513699
0.6119916661	56	0.05546773165	7.110452175
0.6120032298	57	0.05645822686	7.108190537
0.6120148003	58	0.05744872206	7.106940746
0.6120263778	59	0.05843921727	7.103672504
0.6120379542	60	0.05942971248	7.09476614
0.612049528	61	0.06042020769	7.097168922
0.6120611159	62	0.0614107029	7.097255707
0.6120726718	63	0.0624011981	7.081941605
0.6120842558	64	0.06339169331	7.06893301
0.6120958262	65	0.06438218852	7.067948818
0.6121073932	66	0.06537268373	7.066860199
0.6121189741	67	0.06636317893	7.073744774
0.6121305617	68	0.06735367414	7.077023029
0.6121421233	69	0.06834416935	7.068226814
0.6121536895	70	0.06933466456	7.061496735
0.6121652722	71	0.07032515977	7.057374001
0.6121768382	72	0.07131565497	7.052393913
0.6121884131	73	0.07230615018	7.052425385
0.6122000049	74	0.07329664539	7.05249548
0.6122115679	75	0.0742871406	7.048904419
0.6122231503	76	0.07527763581	7.046242237
0.6122347109	77	0.07626813101	7.045172215
0.612246293	78	0.07725862622	7.041362286
0.6122578712	79	0.07824912143	7.037049294
0.6122694423	80	0.07923961664	7.034078598
0.6122810056	81	0.08023011185	7.032870293
0.6122925804	82	0.08122060705	7.029948711
0.612304159	83	0.08221110226	7.027371407
0.6123157381	84	0.08320159747	7.017307758
0.6123273092	85	0.08419209268	7.015051365
0.6123388761	86	0.08518258789	7.022529602
0.6123504573	87	0.08617308309	7.0235672
0.6123620229	88	0.0871635783	7.021700859
0.6123736057	89	0.08815407351	7.018815517
0.612385172	90	0.08914456872	7.013367653
0.6123967455	91	0.09013506393	7.01713419
0.6124083258	92	0.09112555913	7.023146153
0.6124199032	93	0.09211605434	7.007489681
0.6124314746	94	0.09310654955	7.001215458
0.6124430452	95	0.09409704476	7.006388664
0.6124546325	96	0.09508753997	6.999401093
0.612466199	97	0.09607803517	7.000937462
0.6124777839	98	0.09706853038	6.98893404
0.6124893451	99	0.09805902559	6.990641594
0.6125009302	100	0.0990495208	6.993254662
0.6125124937	101	0.100040016	7.001407147
0.6125240609	102	0.1010305112	7.001781464
0.6125356431	103	0.1020210064	6.987237454
0.612547209	104	0.1030115016	6.989143372
0.6125587912	105	0.1040019968	6.999221325
0.6125703787	106	0.104992492	6.990366459
0.6125819363	107	0.1059829873	6.977933407
0.6125935154	108	0.1069734825	6.973842621
0.6126050834	109	0.1079639777	6.973624229
0.6126166537	110	0.1089544729	6.971760273
0.612628231	111	0.1099449681	6.955025673
0.6126398177	112	0.1109354633	6.953052998
0.6126513793	113	0.1119259585	6.951322079
0.6126629648	114	0.1129164537	6.951993942
0.6126745322	115	0.1139069489	6.952382088
0.6126861144	116	0.1148974441	6.944496632
0.6126976762	117	0.1158879393	6.950109959
0.6127092468	118	0.1168784345	6.951995373
0.612720828	119	0.1178689298	6.940762997
0.6127323973	120	0.118859425	6.938967228
0.6127439721	121	0.1198499202	6.938206196
0.6127555576	122	0.1208404154	6.928166866
0.612767124	123	0.1218309106	6.927076817
0.6127787117	124	0.1228214058	6.924665451
0.6127902703	125	0.123811901	6.921849251
0.6128018449	126	0.1248023962	6.914480686
0.6128134171	127	0.1257928914	6.90673399
0.6128249898	128	0.1267833866	6.903384209
0.6128365659	129	0.1277738818	6.913531303
0.6128481437	130	0.128764377	6.912575245
0.6128597124	131	0.1297548722	6.903434277
0.6128712858	132	0.1307453675	6.906447887
0.6128828647	133	0.1317358627	6.905048847
0.6128944387	134	0.1327263579	6.902728081
0.6129060122	135	0.1337168531	6.904242992
0.6129176018	136	0.1347073483	6.909302235
0.6129291611	137	0.1356978435	6.901919842
0.6129407391	138	0.1366883387	6.895053864
0.6129523083	139	0.1376788339	6.890030861
0.6129638788	140	0.1386693291	6.88587904
0.6129754528	141	0.1396598243	6.893332005
0.6129870302	142	0.1406503195	6.897892475
0.6129986204	143	0.1416408147	6.893642902
0.6130101748	144	0.1426313099	6.883438587
0.6130217519	145	0.1436218052	6.875828266
0.6130333229	146	0.1446123004	6.868028641
0.6130449028	147	0.1456027956	6.868994713
0.6130564918	148	0.1465932908	6.868161678
0.613068052	149	0.147583786	6.872480869
0.6130796344	150	0.1485742812	6.873601437
0.6130912011	151	0.1495647764	6.870698929
0.613102777	152	0.1505552716	6.866168976
0.6131143446	153	0.1515457668	6.86389637
0.6131259172	154	0.152536262	6.86960268
0.6131374948	155	0.1535267572	6.867889881
0.6131490724	156	0.1545172524	6.866310597
0.6131606456	157	0.1555077477	6.859890461
0.6131722189	158	0.1564982429	6.854487419
0.6131837936	159	0.1574887381	6.857282639
0.6131953601	160	0.1584792333	6.851222038
0.6132069339	161	0.1594697285	6.84732151
0.6132185255	162	0.1604602237	6.849616528
0.6132300971	163	0.1614507189	6.846879482
0.613241657	164	0.1624412141	6.847064495
0.6132532319	165	0.1634317093	6.844007015
0.613264806	166	0.1644222045	6.846893311
0.6132763929	167	0.1654126997	6.843071938
0.6132879591	168	0.1664031949	6.834154606
0.6132995347	169	0.1673936901	6.835269451
0.6133111054	170	0.1683841854	6.835080147
0.6133226831	171	0.1693746806	6.835400581
0.6133342503	172	0.1703651758	6.830097675
0.6133458234	173	0.171355671	6.836493969
0.6133574035	174	0.1723461662	6.840267181
0.6133689716	175	0.1733366614	6.835214615
0.613380565	176	0.1743271566	6.835260868
0.6133921256	177	0.1753176518	6.822147846
0.6134037016	178	0.176308147	6.817625046
0.6134152759	179	0.1772986422	6.827348232
0.6134268461	180	0.1782891374	6.835456371
0.6134384187	181	0.1792796326	6.82558775
0.6134499959	182	0.1802701279	6.81414032
0.6134615687	183	0.1812606231	6.811549187
0.6134731456	184	0.1822511183	6.813885212
0.6134847163	185	0.1832416135	6.810454845
0.6134963003	186	0.1842321087	6.808589459
0.6135078664	187	0.1852226039	6.80427742
0.6135194426	188	0.1862130991	6.809448719
0.6135310168	189	0.1872035943	6.805521965
0.6135425924	190	0.1881940895	6.793962956
0.6135541633	191	0.1891845847	6.788749695
0.6135657409	192	0.1901750799	6.786177158
0.6135773131	193	0.1911655751	6.787659168
0.6135888809	194	0.1921560703	6.786402226
0.6136004566	195	0.1931465656	6.786119461
0.6136120287	196	0.1941370608	6.790037155
0.6136236011	197	0.195127556	6.78758049
0.6136351902	198	0.1961180512	6.77516222
0.6136467561	199	0.1971085464	6.772919655
0.6136583242	200	0.1980990416	6.774939537
0.6136698975	201	0.1990895368	6.774135113
0.6136814761	202	0.200080032	6.776980877
0.6136930542	203	0.2010705272	6.772306442
0.6137046299	204	0.2020610224	6.767648697
0.6137161993	205	0.2030515176	6.768593788
0.6137277716	206	0.2040420128	6.767370701
0.6137393567	207	0.2050325081	6.768821716
0.6137509326	208	0.2060230033	6.763110161
0.6137624986	209	0.2070134985	6.756323338
0.6137740752	210	0.2080039937	6.763960362
0.6137856474	211	0.2089944889	6.772602081
0.6137972264	212	0.2099849841	6.770368576
0.6138087935	213	0.2109754793	6.765766144
0.6138203602	214	0.2119659745	6.753091335
0.6138319381	215	0.2129564697	6.749647141
0.6138435165	216	0.2139469649	6.749493122
0.6138550918	217	0.2149374601	6.752962112
0.6138666646	218	0.2159279553	6.752182484
0.6138782353	219	0.2169184505	6.741965771
0.6138898093	220	0.2179089458	6.745432854
0.6139013831	221	0.218899441	6.749312401
0.6139129563	222	0.2198899362	6.748209953
0.613924536	223	0.2208804314	6.744020939
0.613936111	224	0.2218709266	6.744734764
0.6139476773	225	0.2228614218	6.749018192
0.6139592592	226	0.223851917	6.753953457
0.6139708331	227	0.2248424122	6.745449543
0.6139824065	228	0.2258329074	6.735805035
0.6139939795	229	0.2268234026	6.730334759
0.614005559	230	0.2278138978	6.731485367
0.6140171281	231	0.228804393	6.734717846
0.6140287177	232	0.2297948883	6.730370998
0.6140402778	233	0.2307853835	6.729594231
0.6140518451	234	0.2317758787	6.730418682
0.6140634202	235	0.2327663739	6.73196888
0.6140749925	236	0.2337568691	6.716240406
0.6140865787	237	0.2347473643	6.715956211
0.6140981531	238	0.2357378595	6.7159729
0.6141097203	239	0.2367283547	6.712017059
0.6141212923	240	0.2377188499	6.712004662
0.6141328705	241	0.2387093451	6.706382752
0.614144436	242	0.2396998403	6.699919224
0.6141560167	243	0.2406903355	6.698736191
0.6141675861	244	0.2416808307	6.70150137
0.6141791698	245	0.242671326	6.697699547
0.6141907464	246	0.2436618212	6.700184345
0.6142023147	247	0.2446523164	6.697461605
0.6142138829	248	0.2456428116	6.696536064
0.6142254617	249	0.2466333068	6.696356773
0.6142370358	250	0.247623802	6.696098328
0.6142486112	251	0.2486142972	6.694607258
0.6142601776	252	0.2496047924	6.689937592
0.6142717591	253	0.2505952876	6.690457821
0.614283338	254	0.2515857828	6.691392899
0.6142948985	255	0.252576278	6.684400082
0.6143064915	256	0.2535667732	6.68295908
0.6143180539	257	0.2545572685	6.690089226
0.6143296267	258	0.2555477637	6.692950726
0.6143412023	259	0.2565382589	6.68595314
0.6143527906	260	0.2575287541	6.685001373
0.6143643571	261	0.2585192493	6.682791233
0.6143759181	262	0.2595097445	6.678794861
0.6143875005	263	0.2605002397	6.675924301
0.6143990726	264	0.2614907349	6.674570561
0.614410642	265	0.2624812301	6.680983067
0.6144222251	266	0.2634717253	6.683391571
0.6144337969	267	0.2644622205	6.683188438
0.6144453682	268	0.2654527157	6.676438808
0.6144569441	269	0.2664432109	6.677811146
0.6144685241	270	0.2674337062	6.670314312
0.6144800907	271	0.2684242014	6.674218655
0.6144916616	272	0.2694146966	6.677566528
0.6145032327	273	0.2704051918	6.675226688
0.614514819	274	0.271395687	6.678253174
0.6145263807	275	0.2723861822	6.671590805
0.614537966	276	0.2733766774	6.660680294
0.6145495317	277	0.2743671726	6.660970211
0.6145611066	278	0.2753576678	6.664144039
0.6145726847	279	0.276348163	6.656443596
0.6145842701	280	0.2773386582	6.653978825
0.6145958274	281	0.2783291534	6.6539011
0.6146074053	282	0.2793196487	6.654165745
0.6146189834	283	0.2803101439	6.654811859
0.6146305602	284	0.2813006391	6.653129101
0.6146421309	285	0.2822911343	6.655768871
0.6146537072	286	0.2832816295	6.656596184
0.6146652785	287	0.2842721247	6.653844357
0.6146768602	288	0.2852626199	6.650715351
0.6146884272	289	0.2862531151	6.641478539
0.6147000096	290	0.2872436103	6.639461994
0.6147115742	291	0.2882341055	6.636167526
0.6147231425	292	0.2892246007	6.63122797
0.6147347159	293	0.2902150959	6.642336845
0.6147462964	294	0.2912055911	6.634345532
0.6147578793	295	0.2921960864	6.627189159
0.614769445	296	0.2931865816	6.630832672
0.6147810164	297	0.2941770768	6.629679203
0.614792594	298	0.295167572	6.625489235
0.6148041731	299	0.2961580672	6.624418259
0.6148157512	300	0.2971485624	6.626186371
0.6148273296	301	0.2981390576	6.628356934
0.6148388904	302	0.2991295528	6.62102747
0.6148504675	303	0.300120048	6.62601614
0.6148620377	304	0.3011105432	6.626817703
0.6148736051	305	0.3021010384	6.622374058
0.6148851949	306	0.3030915336	6.617682457
0.6148967658	307	0.3040820289	6.611180782
0.6149083365	308	0.3050725241	6.608050346
0.614919905	309	0.3060630193	6.605222225
0.6149314962	310	0.3070535145	6.603067875
0.6149430526	311	0.3080440097	6.599146843
0.6149546315	312	0.3090345049	6.594109535
0.6149661981	313	0.3100250001	6.593928337
0.6149777862	314	0.3110154953	6.58493042
0.6149893477	315	0.3120059905	6.582129002
0.6150009277	316	0.3129964857	6.588039398
0.6150124938	317	0.3139869809	6.583745003
0.6150240802	318	0.3149774761	6.577348709
0.6150356435	319	0.3159679713	6.57610321
0.6150472172	320	0.3169584666	6.580647945
0.6150587954	321	0.3179489618	6.585291863
0.6150703645	322	0.318939457	6.588037014
0.6150819538	323	0.3199299522	6.584692478
0.6150935125	324	0.3209204474	6.585798264
0.6151051046	325	0.3219109426	6.583060741
0.6151166802	326	0.3229014378	6.580252171
0.6151282388	327	0.323891933	6.581691265
0.6151398148	328	0.3248824282	6.575932026
0.6151513838	329	0.3258729234	6.573847771
0.6151629651	330	0.3268634186	6.572844505
0.615174542	331	0.3278539138	6.576218128
0.6151861063	332	0.3288444091	6.575783253
0.6151976844	333	0.3298349043	6.572555542
0.6152092637	334	0.3308253995	6.569852829
0.6152208398	335	0.3318158947	6.564735889
0.6152324087	336	0.3328063899	6.558004379
0.6152439804	337	0.3337968851	6.563563347
0.6152555506	338	0.3347873803	6.56262064
0.6152671335	339	0.3357778755	6.560554504
0.6152787048	340	0.3367683707	6.561122417
0.6152902899	341	0.3377588659	6.557752609
0.6153018531	342	0.3387493611	6.558075905
0.6153134284	343	0.3397398563	6.557137489
0.6153249974	344	0.3407303515	6.554776669
0.6153365682	345	0.3417208468	6.559556961
0.6153481468	346	0.342711342	6.554380894
0.61535973	347	0.3437018372	6.551392078
0.6153712997	348	0.3446923324	6.551781178
0.6153828649	349	0.3456828276	6.546731472
0.6153944476	350	0.3466733228	6.542331696
0.6154060259	351	0.347663818	6.536601543
0.6154175961	352	0.3486543132	6.54063797
0.6154291667	353	0.3496448084	6.54678154
0.6154407492	354	0.3506353036	6.541924
0.6154523101	355	0.3516257988	6.535352707
0.6154638839	356	0.352616294	6.534363747
0.6154754656	357	0.3536067893	6.534937382
0.6154870404	358	0.3545972845	6.525163174
0.6154986098	359	0.3555877797	6.525102139
0.6155101878	360	0.3565782749	6.525656223
0.6155217719	361	0.3575687701	6.521992207
0.6155333353	362	0.3585592653	6.517965317
0.6155449109	363	0.3595497605	6.531928539
0.615556482	364	0.3605402557	6.525152683
0.6155680628	365	0.3615307509	6.517004013
0.615579634	366	0.3625212461	6.523438931
0.6155912099	367	0.3635117413	6.527763844
0.6156027817	368	0.3645022365	6.526953697
0.6156143533	369	0.3654927317	6.516685963
0.615625928	370	0.366483227	6.520845413
0.6156374991	371	0.3674737222	6.519382
0.6156490783	372	0.3684642174	6.514606953
0.6156606661	373	0.3694547126	6.521661282
0.6156722244	374	0.3704452078	6.506906986
0.6156837943	375	0.371435703	6.501385689
0.6156953741	376	0.3724261982	6.503386021
0.6157069418	377	0.3734166934	6.495747089
0.6157185219	378	0.3744071886	6.492096901
0.6157300877	379	0.3753976838	6.494653225
0.6157416709	380	0.376388179	6.49429369
0.615753238	381	0.3773786742	6.492800713
0.6157648235	382	0.3783691694	6.491675854
0.6157763994	383	0.3793596647	6.49033308
0.6157879616	384	0.3803501599	6.488862991
0.6157995469	385	0.3813406551	6.488973141
0.6158111201	386	0.3823311503	6.486543179
0.6158226993	387	0.3833216455	6.482870579
0.6158342641	388	0.3843121407	6.485176563
0.6158458325	389	0.3853026359	6.484890461
0.6158574126	390	0.3862931311	6.480575562
0.6158689782	391	0.3872836263	6.486023903
0.6158805575	392	0.3882741215	6.482513428
0.6158921427	393	0.3892646167	6.475714207
0.6159037069	394	0.3902551119	6.472687244
0.6159152881	395	0.3912456072	6.473249435
0.6159268543	396	0.3922361024	6.469260216
0.6159384413	397	0.3932265976	6.467928886
0.6159500048	398	0.3942170928	6.465735912
0.6159615842	399	0.395207588	6.469577313
0.6159731532	400	0.3961980832	6.471172333
0.6159847381	401	0.3971885784	6.464799404
0.6159963003	402	0.3981790736	6.460567951
0.6160078743	403	0.3991695688	6.457959175
0.6160194465	404	0.400160064	6.459911823
0.6160310281	405	0.4011505592	6.451202393
0.6160425978	406	0.4021410544	6.450488091
0.6160541696	407	0.4031315496	6.451310635
0.6160657449	408	0.4041220449	6.452663899
0.6160773333	409	0.4051125401	6.453649998
0.616088889	410	0.4061030353	6.453734398
0.6161004594	411	0.4070935305	6.44475174
0.6161120423	412	0.4080840257	6.442164421
0.6161236117	413	0.4090745209	6.432307243
0.6161351859	414	0.4100650161	6.428287983
0.6161467721	415	0.4110555113	6.426774979
0.6161583383	416	0.4120460065	6.431791306
0.6161699073	417	0.4130365017	6.436178684
0.6161814837	418	0.4140269969	6.432945252
0.6161930651	419	0.4150174921	6.432231426
0.6162046348	420	0.4160079874	6.427880764
0.6162162076	421	0.4169984826	6.427298546
0.6162277744	422	0.4179889778	6.429866791
0.6162393501	423	0.418979473	6.426503182
0.6162509261	424	0.4199699682	6.423069
0.616262506	425	0.4209604634	6.422524929
0.6162740737	426	0.4219509586	6.417717457
0.6162856531	427	0.4229414538	6.406937599
0.6162972308	428	0.423931949	6.39969635
0.6163087958	429	0.4249224442	6.403912067
0.6163203762	430	0.4259129394	6.40895462
0.6163319418	431	0.4269034346	6.404881954
0.6163435245	432	0.4278939298	6.399526119
0.6163550917	433	0.4288844251	6.396017551
0.6163666778	434	0.4298749203	6.395633698
0.6163782383	435	0.4308654155	6.40031004
0.6163898194	436	0.4318559107	6.397442818
0.6164013925	437	0.4328464059	6.393672943
0.6164129691	438	0.4338369011	6.391893864
0.6164245439	439	0.4348273963	6.390040875
0.616436111	440	0.4358178915	6.38741684
0.6164476851	441	0.4368083867	6.384694576
0.6164592654	442	0.4377988819	6.378617764
0.6164708447	443	0.4387893771	6.388494015
0.6164824192	444	0.4397798723	6.389156818
0.6164939857	445	0.4407703676	6.383376598
0.616505556	446	0.4417608628	6.37371254
0.6165171285	447	0.442751358	6.376963615
0.6165287097	448	0.4437418532	6.377631664
0.6165402831	449	0.4447323484	6.378579617
0.6165518582	450	0.4457228436	6.374062061
0.6165634254	451	0.4467133388	6.370467186
0.6165750051	452	0.447703834	6.366242886
0.6165865816	453	0.4486943292	6.364967823
0.616598148	454	0.4496848244	6.367116928
0.6166097221	455	0.4506753196	6.36899662
0.6166213027	456	0.4516658148	6.370353699
0.6166328909	457	0.45265631	6.368893147
0.6166444464	458	0.4536468053	6.372436047
0.6166560261	459	0.4546373005	6.368435383
0.6166676045	460	0.4556277957	6.362358093
0.6166791642	461	0.4566182909	6.362586975
0.6166907426	462	0.4576087861	6.369710445
0.6167023202	463	0.4585992813	6.367704868
0.6167138898	464	0.4595897765	6.363430977
0.6167254723	465	0.4605802717	6.36189127
0.6167370436	466	0.4615707669	6.362420082
0.6167486099	467	0.4625612621	6.35747242
0.6167601904	468	0.4635517573	6.353205204
0.6167717587	469	0.4645422525	6.353129864
0.6167833389	470	0.4655327478	6.353544712
0.6167949148	471	0.466523243	6.352617264
0.6168065015	472	0.4675137382	6.351675034
0.6168180626	473	0.4685042334	6.354459286
0.6168296353	474	0.4694947286	6.35747242
0.6168412046	475	0.4704852238	6.35297823
0.6168527847	476	0.471475719	6.354881287
0.6168643605	477	0.4724662142	6.353901863
0.6168759335	478	0.4734567094	6.348282337
0.6168875172	479	0.4744472046	6.341254711
0.6168990805	480	0.4754376998	6.336398602
0.6169106537	481	0.476428195	6.338939667
0.6169222286	482	0.4774186902	6.337123871
0.6169337982	483	0.4784091855	6.33825016
0.6169453763	484	0.4793996807	6.338178158
0.6169569509	485	0.4803901759	6.335220337
0.616968525	486	0.4813806711	6.336967468
0.6169800994	487	0.4823711663	6.33100462
0.6169916674	488	0.4833616615	6.327292442
0.6170032437	489	0.4843521567	6.328488827
0.6170148211	490	0.4853426519	6.325395107
0.617026391	491	0.4863331471	6.325453758
0.6170379712	492	0.4873236423	6.319615364
0.6170495359	493	0.4883141375	6.316183567
0.6170611104	494	0.4893046327	6.316708565
0.6170726899	495	0.490295128	6.312442303
0.6170842651	496	0.4912856232	6.309185028
0.6170958548	497	0.4922761184	6.306475639
0.617107415	498	0.4932666136	6.305242539
0.6171189972	499	0.4942571088	6.306747437
0.6171305632	500	0.495247604	6.304418087
0.6171421299	501	0.4962380992	6.304635525
0.6171537057	502	0.4972285944	6.305761814
0.617165284	503	0.4982190896	6.307138443
0.6171768597	504	0.4992095848	6.306951523
0.617188429	505	0.50020008	6.30857563
0.6172000078	506	0.5011905752	6.303606987
0.6172115814	507	0.5021810704	6.298560143
0.6172231534	508	0.5031715657	6.291221619
0.6172347234	509	0.5041620609	6.290110588
0.617246308	510	0.5051525561	6.291738033
0.6172578746	511	0.5061430513	6.285252094
0.6172694511	512	0.5071335465	6.285788059
0.6172810404	513	0.5081240417	6.288678169
0.6172926009	514	0.5091145369	6.293426514
0.6173041668	515	0.5101050321	6.295311928
0.6173157442	516	0.5110955273	6.291255951
0.6173273169	517	0.5120860225	6.290481091
0.6173388906	518	0.5130765177	6.293744564
0.6173504622	519	0.5140670129	6.286441326
0.6173620454	520	0.5150575082	6.287672997
0.6173736124	521	0.5160480034	6.285171509
0.617385201	522	0.5170384986	6.280671597
0.6173967679	523	0.5180289938	6.276274681
0.6174083404	524	0.519019489	6.269878864
0.6174199197	525	0.5200099842	6.27230835
0.6174314903	526	0.5210004794	6.274898052
0.6174430597	527	0.5219909746	6.280939579
0.6174546384	528	0.5229814698	6.27404213
0.6174662173	529	0.523971965	6.273209572
0.6174777863	530	0.5249624602	6.265670776
0.6174893568	531	0.5259529554	6.262415409
0.6175009272	532	0.5269434506	6.264543057
0.6175125071	533	0.5279339459	6.263944626
0.6175240822	534	0.5289244411	6.257094383
0.6175356496	535	0.5299149363	6.260923863
0.6175472311	536	0.5309054315	6.259002209
0.6175588056	537	0.5318959267	6.248595238
0.6175703727	538	0.5328864219	6.2586689
0.6175819588	539	0.5338769171	6.260511398
0.6175935269	540	0.5348674123	6.257894039
0.6176050942	541	0.5358579075	6.260485649
0.617616678	542	0.5368484027	6.251569748
0.6176282627	543	0.5378388979	6.249972343
0.6176398222	544	0.5388293931	6.238790035
0.6176514097	545	0.5398198884	6.236951351
0.6176629679	546	0.5408103836	6.240298748
0.6176745446	547	0.5418008788	6.23783493
0.6176861196	548	0.542791374	6.23764801
0.6176977018	549	0.5437818692	6.238803864
0.6177092686	550	0.5447723644	6.237527847
0.617720838	551	0.5457628596	6.23528719
0.6177324135	552	0.5467533548	6.233279228
0.6177439978	553	0.54774385	6.23159647
0.6177555655	554	0.5487343452	6.230777741
0.617767141	555	0.5497248404	6.232293606
0.617778707	556	0.5507153356	6.227092743
0.6177902859	557	0.5517058308	6.226072311
0.6178018619	558	0.5526963261	6.223777294
0.6178134277	559	0.5536868213	6.221520424
0.6178250086	560	0.5546773165	6.225188255
0.6178365756	561	0.5556678117	6.222640991
0.6178481607	562	0.5566583069	6.222553253
0.6178597251	563	0.5576488021	6.221032143
0.6178713016	564	0.5586392973	6.221737385
0.6178828801	565	0.5596297925	6.219952583
0.6178944521	566	0.5606202877	6.218858719
0.6179060401	567	0.5616107829	6.214887142
0.6179175987	568	0.5626012781	6.212717056
0.6179291701	569	0.5635917733	6.21963501
0.6179407511	570	0.5645822686	6.217642307
0.6179523188	571	0.5655727638	6.215946198
0.6179638966	572	0.566563259	6.209056377
0.6179754867	573	0.5675537542	6.208274365
0.6179870454	574	0.5685442494	6.204883099
0.6179986121	575	0.5695347446	6.198022842
0.6180101897	576	0.5705252398	6.198210239
0.6180217763	577	0.571515735	6.197548389
0.618033342	578	0.5725062302	6.197282314
0.6180449135	579	0.5734967254	6.188428879
0.6180564835	580	0.5744872206	6.187805653
0.61806807	581	0.5754777158	6.191497326
0.6180796388	582	0.576468211	6.18883276
0.6180912058	583	0.5774587063	6.190374374
0.6181027883	584	0.5784492015	6.192873478
0.6181143582	585	0.5794396967	6.186089039
0.6181259365	586	0.5804301919	6.187239647
0.6181375061	587	0.5814206871	6.188580036
0.6181490853	588	0.5824111823	6.187876225
0.6181606551	589	0.5834016775	6.182722569
0.6181722375	590	0.5843921727	6.181450367
0.6181837985	591	0.5853826679	6.1794343
0.618195381	592	0.5863731631	6.179733753
0.6182069512	593	0.5873636583	6.183311462
0.618218529	594	0.5883541535	6.187688828
0.6182301016	595	0.5893446488	6.186274052
0.618241677	596	0.590335144	6.194761276
0.6182532467	597	0.5913256392	6.178868294
0.6182648166	598	0.5923161344	6.180601597
0.6182763922	599	0.5933066296	6.18155241
0.6182879691	600	0.5942971248	6.178884029
0.6182995482	601	0.59528762	6.173029423
0.6183111352	602	0.5962781152	6.174397945
0.6183226964	603	0.5972686104	6.172135353
0.6183342673	604	0.5982591056	6.161345959
0.6183458444	605	0.5992496008	6.160848141
0.6183574209	606	0.600240096	6.160464764
0.6183689909	607	0.6012305912	6.159646034
0.6183805796	608	0.6022210865	6.161358357
0.6183921404	609	0.6032115817	6.158602715
0.6184037111	610	0.6042020769	6.155825138
0.6184152871	611	0.6051925721	6.154623509
0.6184268599	612	0.6061830673	6.153131485
0.6184384332	613	0.6071735625	6.147880077
0.6184500148	614	0.6081640577	6.142829418
0.6184615842	615	0.6091545529	6.142426968
0.618473161	616	0.6101450481	6.143619061
0.6184847321	617	0.6111355433	6.14875555
0.6184963059	618	0.6121260385	6.145120144
0.6185078814	619	0.6131165337	6.141061783
0.6185194569	620	0.614107029	6.140636444
0.6185310301	621	0.6150975242	6.142875195
0.6185426164	622	0.6160880194	6.149918079
0.6185541774	623	0.6170785146	6.151516438
0.6185657516	624	0.6180690098	6.14806509
0.6185773377	625	0.619059505	6.148387909
0.6185888966	626	0.6200500002	6.151951313
0.618600471	627	0.6210404954	6.145701885
0.6186120592	628	0.6220309906	6.139990807
0.6186236212	629	0.6230214858	6.138723373
0.6186351881	630	0.624011981	6.133640289
0.618646771	631	0.6250024762	6.127375603
0.6186583559	632	0.6259929714	6.126375198
0.6186699189	633	0.6269834667	6.124315739
0.6186814883	634	0.6279739619	6.121740341
0.618693067	635	0.6289644571	6.1224823
0.6187046397	636	0.6299549523	6.122839451
0.618716216	637	0.6309454475	6.128280163
0.6187277879	638	0.6319359427	6.121050358
0.6187393636	639	0.6329264379	6.111875057
0.6187509395	640	0.6339169331	6.111756325
0.6187625074	641	0.6349074283	6.108816624
0.6187740823	642	0.6358979235	6.104701519
0.6187856602	643	0.6368884187	6.10121727
0.6187972487	644	0.6378789139	6.103817463
0.6188088089	645	0.6388694091	6.103612423
0.6188203829	646	0.6398599044	6.095260143
0.6188319502	647	0.6408503996	6.096626759
0.6188435359	648	0.6418408948	6.102491856
0.6188550991	649	0.64283139	6.096004009
0.6188666928	650	0.6438218852	6.095216274
0.6188782528	651	0.6448123804	6.089105606
0.6188898278	652	0.6458028756	6.09178257
0.6189013927	653	0.6467933708	6.088984966
0.6189129704	654	0.647783866	6.087855816
0.61892455	655	0.6487743612	6.087856293
0.6189361232	656	0.6497648564	6.088936806
0.6189476941	657	0.6507553516	6.093698025
0.6189592663	658	0.6517458469	6.096946716
0.6189708431	659	0.6527363421	6.08744812
0.6189824172	660	0.6537268373	6.080002308
0.6189939933	661	0.6547173325	6.075027943
0.6190055729	662	0.6557078277	6.073287964
0.6190171407	663	0.6566983229	6.077825546
0.6190287151	664	0.6576888181	6.078608513
0.6190402865	665	0.6586793133	6.074391842
0.6190518669	666	0.6596698085	6.069741726
0.6190634336	667	0.6606603037	6.064225197
0.6190750061	668	0.6616507989	6.062508583
0.6190865874	669	0.6626412941	6.068443775
0.6190981595	670	0.6636317893	6.065370083
0.6191097338	671	0.6646222846	6.059547901
0.6191213047	672	0.6656127798	6.061901569
0.6191328836	673	0.666603275	6.059298039
0.619144452	674	0.6675937702	6.056650639
0.6191560303	675	0.6685842654	6.06148243
0.6191676041	676	0.6695747606	6.063356876
0.6191791791	677	0.6705652558	6.060539246
0.619190748	678	0.671555751	6.053318501
0.6192023285	679	0.6725462462	6.053178787
0.619213912	680	0.6735367414	6.051274777
0.6192254688	681	0.6745272366	6.051710129
0.6192370558	682	0.6755177318	6.051682949
0.6192486244	683	0.6765082271	6.05203867
0.6192601916	684	0.6774987223	6.045171738
0.6192717724	685	0.6784892175	6.035840035
0.619283355	686	0.6794797127	6.035095692
0.6192949191	687	0.6804702079	6.034230709
0.6193064999	688	0.6814607031	6.036639214
0.6193180689	689	0.6824511983	6.041350842
0.6193296398	690	0.6834416935	6.045306206
0.6193412165	691	0.6844321887	6.048087597
0.619352792	692	0.6854226839	6.047450066
0.6193643603	693	0.6864131791	6.043875694
0.6193759388	694	0.6874036743	6.041432858
0.6193875127	695	0.6883941695	6.036637306
0.6193991013	696	0.6893846648	6.040518284
0.6194106603	697	0.69037516	6.033540249
0.6194222373	698	0.6913656552	6.025215626
0.6194338085	699	0.6923561504	6.022902966
0.6194453879	700	0.6933466456	6.020915031
0.6194569566	701	0.6943371408	6.021529675
0.6194685234	702	0.695327636	6.02123642
0.6194801051	703	0.6963181312	6.016308308
0.6194916856	704	0.6973086264	6.011260033
0.6195032547	705	0.6982991216	6.010244846
0.6195148282	706	0.6992896168	6.009895802
0.6195264015	707	0.700280112	6.008477688
0.6195379773	708	0.7012706073	6.007146359
0.6195495505	709	0.7022611025	6.003983498
0.619561126	710	0.7032515977	6.000567913
0.6195726901	711	0.7042420929	5.99980402
0.6195842719	712	0.7052325881	6.001604557
0.6195958473	713	0.7062230833	6.00459671
0.6196074156	714	0.7072135785	6.001809597
0.6196189961	715	0.7082040737	6.002080917
0.6196305682	716	0.7091945689	5.997758865
0.619642143	717	0.7101850641	5.99373436
0.6196537103	718	0.7111755593	5.995601654
0.619665291	719	0.7121660545	5.998834133
0.6196768784	720	0.7131565497	5.997202396
0.6196884367	721	0.714147045	5.99321413
0.6197000066	722	0.7151375402	5.987218857
0.6197115864	723	0.7161280354	5.988431454
0.6197231533	724	0.7171185306	5.98593998
0.6197347385	725	0.7181090258	5.984080792
0.6197463269	726	0.719099521	5.986312866
0.6197578847	727	0.7200900162	5.988363743
0.6197694566	728	0.7210805114	5.982674122
0.6197810327	729	0.7220710066	5.979302406
0.6197926107	730	0.7230615018	5.978061676
0.6198041799	731	0.724051997	5.977190018
0.619815759	732	0.7250424922	5.978656769
0.61982733	733	0.7260329875	5.978769302
0.6198389173	734	0.7270234827	5.975665093
0.6198504776	735	0.7280139779	5.974460125
0.6198620493	736	0.7290044731	5.974312782
0.6198736255	737	0.7299949683	5.969052315
0.6198851962	738	0.7309854635	5.967643261
0.6198967701	739	0.7319759587	5.964512348
0.6199083503	740	0.7329664539	5.962916374
0.6199199204	741	0.7339569491	5.963544369
0.6199314896	742	0.7349474443	5.960821629
0.6199430677	743	0.7359379395	5.959074497
0.6199546541	744	0.7369284347	5.956184387
0.6199662188	745	0.7379189299	5.956685543
0.6199777864	746	0.7389094252	5.958217144
0.619989367	747	0.7398999204	5.959958077
0.6200009404	748	0.7408904156	5.957897663
0.620012515	749	0.7418809108	5.957305908
0.6200240815	750	0.742871406	5.951333046
0.6200356634	751	0.7438619012	5.949279308
0.6200472495	752	0.7448523964	5.948976994
0.6200588041	753	0.7458428916	5.944179535
0.6200703777	754	0.7468333868	5.945240021
0.6200819622	755	0.747823882	5.947668076
0.6200935319	756	0.7488143772	5.946131706
0.6201051082	757	0.7498048724	5.940426827
0.6201166828	758	0.7507953677	5.938318729
0.6201282551	759	0.7517858629	5.938658714
0.6201398292	760	0.7527763581	5.933763504
0.6201514044	761	0.7537668533	5.927530766
0.6201629729	762	0.7547573485	5.928425312
0.6201745479	763	0.7557478437	5.932352543
0.6201861319	764	0.7567383389	5.932012558
0.6201977007	765	0.7577288341	5.930242539
0.6202092672	766	0.7587193293	5.93107748
0.6202208484	767	0.7597098245	5.932607174
0.6202324244	768	0.7607003197	5.924787998
0.6202439972	769	0.7616908149	5.925714493
0.6202555711	770	0.7626813101	5.924098969
0.6202671481	771	0.7636718054	5.925206661
0.6202787161	772	0.7646623006	5.925293922
0.6202902941	773	0.7656527958	5.924601078
0.6203018807	774	0.766643291	5.926114082
0.6203134414	775	0.7676337862	5.919739723
0.6203250174	776	0.7686242814	5.91999054
0.6203365808	777	0.7696147766	5.916861534
0.6203481632	778	0.7706052718	5.922561169
0.6203597341	779	0.771595767	5.919756889
0.6203713112	780	0.7725862622	5.908231258
0.6203828832	781	0.7735767574	5.901533604
0.6203944555	782	0.7745672526	5.891815662
0.6204060344	783	0.7755577479	5.893306732
0.6204176004	784	0.7765482431	5.897252083
0.6204291787	785	0.7775387383	5.899001122
0.6204407521	786	0.7785292335	5.901184559
0.620452329	787	0.7795197287	5.899732113
0.6204638986	788	0.7805102239	5.89073801
0.620475479	789	0.7815007191	5.886676788
0.6204870534	790	0.7824912143	5.893017769
0.6204986303	791	0.7834817095	5.887777329
0.6205102017	792	0.7844722047	5.884156704
0.6205217796	793	0.7854626999	5.877837658
0.6205333525	794	0.7864531951	5.879241943
0.6205449225	795	0.7874436903	5.883298397
0.6205564891	796	0.7884341856	5.881968498
0.6205680716	797	0.7894246808	5.874965191
0.6205796462	798	0.790415176	5.869389534
0.6205912163	799	0.7914056712	5.865624428
0.6206027874	800	0.7923961664	5.870960236
0.6206143635	801	0.7933866616	5.868432045
0.6206259357	802	0.7943771568	5.863890648
0.6206375239	803	0.795367652	5.862929821
0.6206490828	804	0.7963581472	5.861904621
0.6206606563	805	0.7973486424	5.860255241
0.6206722308	806	0.7983391376	5.863471508
0.6206838126	807	0.7993296328	5.865615368
0.6206953861	808	0.8003201281	5.85976696
0.6207069532	809	0.8013106233	5.860440254
0.6207185365	810	0.8023011185	5.865802765
0.6207301064	811	0.8032916137	5.863432884
0.6207416865	812	0.8042821089	5.86065197
0.6207532537	813	0.8052726041	5.85658598
0.6207648295	814	0.8062630993	5.84939909
0.620776406	815	0.8072535945	5.85181284
0.6207879736	816	0.8082440897	5.852925777
0.6207995558	817	0.8092345849	5.850163937
0.6208111266	818	0.8102250801	5.84810257
0.6208227021	819	0.8112155753	5.843511105
0.6208342704	820	0.8122060705	5.84747982
0.6208458521	821	0.8131965658	5.849692822
0.6208574154	822	0.814187061	5.844517231
0.6208689968	823	0.8151775562	5.843245506
0.6208805648	824	0.8161680514	5.839148521
0.6208921452	825	0.8171585466	5.832111359
0.6209037185	826	0.8181490418	5.828097343
0.6209152948	827	0.819139537	5.831873417
0.6209268617	828	0.8201300322	5.825514317
0.6209384415	829	0.8211205274	5.826331615
0.620950009	830	0.8221110226	5.826086521
0.6209615898	831	0.8231015178	5.826102734
0.6209731603	832	0.824092013	5.829435825
0.620984731	833	0.8250825083	5.828140259
0.6209963047	834	0.8260730035	5.833458901
0.6210078875	835	0.8270634987	5.82437706
0.6210194588	836	0.8280539939	5.819187641
0.6210310341	837	0.8290444891	5.815078735
0.6210426118	838	0.8300349843	5.813429833
0.6210541772	839	0.8310254795	5.812283993
0.621065758	840	0.8320159747	5.814534664
0.6210773323	841	0.8330064699	5.813928127
0.6210889092	842	0.8339969651	5.813429833
0.6211004789	843	0.8349874603	5.807284832
0.6211120577	844	0.8359779555	5.802992344
0.6211236287	845	0.8369684507	5.801797867
0.6211351999	846	0.837958946	5.797625542
0.6211467836	847	0.8389494412	5.791297913
0.6211583443	848	0.8399399364	5.784511089
0.6211699251	849	0.8409304316	5.783359051
0.621181491	850	0.8419209268	5.785437107
0.621193073	851	0.842911422	5.784629345
0.6212046604	852	0.8439019172	5.788645744
0.6212162214	853	0.8448924124	5.782121182
0.6212277946	854	0.8458829076	5.786581516
0.6212393629	855	0.8468734028	5.778199196
0.621250942	856	0.847863898	5.766633034
0.6212625178	857	0.8488543932	5.771986961
0.6212740911	858	0.8498448885	5.772443295
0.6212856653	859	0.8508353837	5.773313046
0.6212972371	860	0.8518258789	5.771870613
0.6213088114	861	0.8528163741	5.774795055
0.6213204005	862	0.8538068693	5.771528721
0.6213319582	863	0.8547973645	5.76995182
0.6213435387	864	0.8557878597	5.770797253
0.6213551097	865	0.8567783549	5.776533127
0.6213666798	866	0.8577688501	5.774997234
0.621378259	867	0.8587593453	5.762502194
0.6213898276	868	0.8597498405	5.756233215
0.6214013993	869	0.8607403357	5.755728245
0.6214129796	870	0.8617308309	5.751571655
0.621424555	871	0.8627213262	5.75248003
0.6214361216	872	0.8637118214	5.752917767
0.6214476989	873	0.8647023166	5.748308182
0.6214592736	874	0.8656928118	5.747440815
0.6214708461	875	0.866683307	5.744299412
0.6214824197	876	0.8676738022	5.749402523
0.6214939978	877	0.8686642974	5.751169205
0.6215055693	878	0.8696547926	5.74685812
0.6215171468	879	0.8706452878	5.742834568
0.6215287283	880	0.871635783	5.742817402
0.6215402963	881	0.8726262782	5.741555691
0.6215518666	882	0.8736167734	5.735782623
0.6215634426	883	0.8746072687	5.733026028
0.6215750143	884	0.8755977639	5.72936964
0.6215866011	885	0.8765882591	5.727722645
0.621598176	886	0.8775787543	5.728775024
0.6216097332	887	0.8785692495	5.726929188
0.6216213105	888	0.8795597447	5.720889568
0.6216328848	889	0.8805502399	5.712798119
0.6216444593	890	0.8815407351	5.70977211
0.6216560373	891	0.8825312303	5.708868504
0.6216676178	892	0.8835217255	5.709670067
0.6216791794	893	0.8845122207	5.708295822
0.6216907642	894	0.8855027159	5.706848145
0.6217023273	895	0.8864932111	5.707555771
0.621713916	896	0.8874837064	5.708425522
0.621725491	897	0.8884742016	5.713443756
0.6217370665	898	0.8894646968	5.715143681
0.6217486409	899	0.890455192	5.711760998
0.6217601985	900	0.8914456872	5.708245277
0.6217717769	901	0.8924361824	5.702382088
0.62178335	902	0.8934266776	5.701849461
0.6217949247	903	0.8944171728	5.702310085
0.6218064958	904	0.895407668	5.699593067
0.6218180745	905	0.8963981632	5.695119381
0.6218296444	906	0.8973886584	5.69038868
0.621841217	907	0.8983791536	5.6868186
0.6218527998	908	0.8993696488	5.686229229
0.6218643704	909	0.9003601441	5.687996864
0.6218759407	910	0.9013506393	5.687205792
0.6218875186	911	0.9023411345	5.681550026
0.6218991016	912	0.9033316297	5.681758404
0.6219106663	913	0.9043221249	5.677443028
0.6219222379	914	0.9053126201	5.673841
0.6219338118	915	0.9063031153	5.674379826
0.6219453878	916	0.9072936105	5.67111063
0.6219569646	917	0.9082841057	5.66906023
0.6219685329	918	0.9092746009	5.667512417
0.6219801101	919	0.9102650961	5.666850567
0.6219916847	920	0.9112555913	5.664623737
0.6220032563	921	0.9122460866	5.665674686
0.6220148282	922	0.9132365818	5.667495251
0.6220264039	923	0.914227077	5.666170597
0.6220379825	924	0.9152175722	5.663127422
0.622049553	925	0.9162080674	5.658877373
0.6220611331	926	0.9171985626	5.657917023
0.6220726994	927	0.9181890578	5.655292511
0.6220842854	928	0.919179553	5.648763657
0.6220958635	929	0.9201700482	5.641012192
0.6221074254	930	0.9211605434	5.641321659
0.622118994	931	0.9221510386	5.640575886
0.6221305708	932	0.9231415338	5.639305115
0.6221421447	933	0.924132029	5.62443924
0.622153722	934	0.9251225243	5.627345562
0.6221653028	935	0.9261130195	5.626716614
0.6221768706	936	0.9271035147	5.626547337
0.6221884382	937	0.9280940099	5.622672081
0.622200017	938	0.9290845051	5.620427132
0.6222116025	939	0.9300750003	5.623130322
0.6222231681	940	0.9310654955	5.621022224
0.622234739	941	0.9320559907	5.619511128
0.6222463158	942	0.9330464859	5.615650654
0.62225789	943	0.9340369811	5.615175247
0.6222694632	944	0.9350274763	5.615113735
0.6222810308	945	0.9360179715	5.616124153
0.6222926118	946	0.9370084668	5.612519741
0.622304178	947	0.937998962	5.612084389
0.6223157526	948	0.9389894572	5.609548092
0.6223273412	949	0.9399799524	5.605570793
0.6223389086	950	0.9409704476	5.60329771
0.6223504782	951	0.9419609428	5.598480225
0.622362049	952	0.942951438	5.593417645
0.622373629	953	0.9439419332	5.589319706
0.6223852042	954	0.9449324284	5.583489418
0.6223967784	955	0.9459229236	5.5814538
0.6224083534	956	0.9469134188	5.583390236
0.6224199201	957	0.947903914	5.582847118
0.6224315033	958	0.9488944092	5.579528332
0.6224430779	959	0.9498849045	5.575006485
0.6224546454	960	0.9508753997	5.569045067
0.6224662251	961	0.9518658949	5.568083286
0.6224777987	962	0.9528563901	5.5674963
0.6224893848	963	0.9538468853	5.569447994
0.6225009467	964	0.9548373805	5.568439484
0.6225125328	965	0.9558278757	5.566949844
0.6225240861	966	0.9568183709	5.566112042
0.6225356623	967	0.9578088661	5.566167355
0.6225472427	968	0.9587993613	5.567510605
0.6225588173	969	0.9597898565	5.561186791
0.6225703914	970	0.9607803517	5.553724289
0.6225819609	971	0.961770847	5.54534483
0.6225935375	972	0.9627613422	5.543151379
0.6226051187	973	0.9637518374	5.542800427
0.6226166857	974	0.9647423326	5.543073177
0.6226282527	975	0.9657328278	5.540548325
0.6226398339	976	0.966723323	5.537889957
0.6226514211	977	0.9677138182	5.532493115
0.622662988	978	0.9687043134	5.52994442
0.6226745703	979	0.9696948086	5.527869701
0.6226861328	980	0.9706853038	5.527722359
0.6226977076	981	0.971675799	5.51875782
0.6227092805	982	0.9726662942	5.518195629
0.6227208507	983	0.9736567894	5.517117024
0.6227324285	984	0.9746472847	5.520287991
0.6227440086	985	0.9756377799	5.517517567
0.6227555744	986	0.9766282751	5.509380817
0.6227671449	987	0.9776187703	5.506564617
0.622778725	988	0.9786092655	5.502317429
0.622790301	989	0.9795997607	5.502218247
0.6228018726	990	0.9805902559	5.498535633
0.6228134599	991	0.9815807511	5.498882294
0.6228250206	992	0.9825712463	5.491348267
0.6228365891	993	0.9835617415	5.491163254
0.6228481698	994	0.9845522367	5.488024235
0.6228597408	995	0.9855427319	5.474516869
0.6228713175	996	0.9865332272	5.472580433
0.6228828833	997	0.9875237224	5.473238945
0.622894465	998	0.9885142176	5.477604866
0.6229060311	999	0.9895047128	5.471907616
0.6229176201	1000	0.990495208	5.46969223
0.6229291809	1001	0.9914857032	5.469090462
0.6229407577	1002	0.9924761984	5.472556114
0.6229523392	1003	0.9934666936	5.471928597
0.6229639095	1004	0.9944571888	5.467598438
0.6229754811	1005	0.995447684	5.463861942
0.6229870632	1006	0.9964381792	5.453331947
0.6229986251	1007	0.9974286744	5.450261593
0.6230102062	1008	0.9984191696	5.448477745
0.6230217723	1009	0.9994096649	5.445654869
0.6230333569	1010	1.00040016	5.448197365
0.6230449427	1011	1.001390655	5.44092083
0.6230565144	1012	1.00238115	5.434271812
0.6230680834	1013	1.003371646	5.43494463
0.6230796497	1014	1.004362141	5.428463936
0.6230912268	1015	1.005352636	5.430637837
0.6231028056	1016	1.006343131	5.427162647
0.6231143829	1017	1.007333627	5.423651695
0.6231259482	1018	1.008324122	5.417641163
0.6231375181	1019	1.009314617	5.41755724
0.6231490962	1020	1.010305112	5.413129807
0.6231606739	1021	1.011295607	5.411540031
0.6231722407	1022	1.012286103	5.405740738
0.6231838157	1023	1.013276598	5.401246548
0.6231953929	1024	1.014267093	5.405020237
0.6232069665	1025	1.015257588	5.406936169
0.6232185415	1026	1.016248083	5.404024124
0.6232301084	1027	1.017238579	5.387882233
0.6232416918	1028	1.018229074	5.377397537
0.6232532564	1029	1.019219569	5.372969151
0.6232648363	1030	1.020210064	5.372229576
0.6232764035	1031	1.021200559	5.371429443
0.6232879858	1032	1.022191055	5.370767593
0.6232995557	1033	1.02318155	5.370326042
0.6233111338	1034	1.024172045	5.368473053
0.6233226986	1035	1.02516254	5.365478993
0.6233342738	1036	1.026153035	5.362569332
0.623345848	1037	1.027143531	5.36266613
0.6233574275	1038	1.028134026	5.352358341
0.6233690013	1039	1.029124521	5.348748207
0.6233805765	1040	1.030115016	5.34719038
0.6233921454	1041	1.031105512	5.344297409
0.6234037293	1042	1.032096007	5.339048386
0.6234152947	1043	1.033086502	5.333919048
0.6234268742	1044	1.034076997	5.332385063
0.6234384476	1045	1.035067492	5.327926159
0.6234500162	1046	1.036057988	5.330190182
0.6234615964	1047	1.037048483	5.329988003
0.6234731705	1048	1.038038978	5.322658539
0.6234847381	1049	1.039029473	5.317115784
0.623496329	1050	1.040019968	5.316203117
0.6235079059	1051	1.041010464	5.315989494
0.623519467	1052	1.042000959	5.315134525
0.6235310408	1053	1.042991454	5.312424183
0.6235426159	1054	1.043981949	5.309742928
0.6235541813	1055	1.044972444	5.306717873
0.623565762	1056	1.04596294	5.306032181
0.6235773305	1057	1.046953435	5.304749012
0.6235889118	1058	1.04794393	5.302195549
0.6236004776	1059	1.048934425	5.295356751
0.6236120573	1060	1.04992492	5.288053036
0.6236236321	1061	1.050915416	5.283288479
0.6236352064	1062	1.051905911	5.280997753
0.6236467814	1063	1.052896406	5.273518562
0.6236583569	1064	1.053886901	5.271886826
0.6236699311	1065	1.054877397	5.269880772
0.6236815056	1066	1.055867892	5.262388229
0.6236930762	1067	1.056858387	5.253040791
0.6237046516	1068	1.057848882	5.252661228
0.6237162285	1069	1.058839377	5.251897335
0.623727793	1070	1.059829873	5.247368813
0.6237393842	1071	1.060820368	5.242431641
0.6237509494	1072	1.061810863	5.242925167
0.623762516	1073	1.062801358	5.239238739
0.6237740983	1074	1.063791853	5.236393929
0.6237856707	1075	1.064782349	5.229880333
0.6237972457	1076	1.065772844	5.225594521
0.6238088327	1077	1.066763339	5.220006943
0.623820393	1078	1.067753834	5.210085869
0.6238319711	1079	1.068744329	5.208244324
0.6238435411	1080	1.069734825	5.207325459
0.6238551166	1081	1.07072532	5.207145691
0.6238666899	1082	1.071715815	5.200491905
0.6238782779	1083	1.07270631	5.193846703
0.6238898388	1084	1.073696805	5.187160492
0.6239014178	1085	1.074687301	5.17467165
0.6239129862	1086	1.075677796	5.170096874
0.6239245735	1087	1.076668291	5.16831398
0.6239361272	1088	1.077658786	5.165699959
0.6239477081	1089	1.078649281	5.167514801
0.6239592874	1090	1.079639777	5.164625168
0.6239708585	1091	1.080630272	5.155797482
0.6239824308	1092	1.081620767	5.148194313
0.6239940003	1093	1.082611262	5.140501976
0.6240055797	1094	1.083601758	5.134061813
0.6240171506	1095	1.084592253	5.128349781
0.6240287247	1096	1.085582748	5.127726555
0.624040296	1097	1.086573243	5.121448994
0.624051871	1098	1.087563738	5.116026878
0.6240634446	1099	1.088554234	5.112646103
0.6240750242	1100	1.089544729	5.111522198
0.6240865895	1101	1.090535224	5.109646797
0.6240981709	1102	1.091525719	5.100846767
0.6241097548	1103	1.092516214	5.10249567
0.6241213211	1104	1.09350671	5.101520062
0.6241328893	1105	1.094497205	5.096840382
0.6241444685	1106	1.0954877	5.090369701
0.6241560388	1107	1.096478195	5.078442574
0.624167617	1108	1.09746869	5.072696686
0.6241791851	1109	1.098459186	5.068478108
0.6241907648	1110	1.099449681	5.06603384
0.6242023333	1111	1.100440176	5.059183121
0.6242139132	1112	1.101430671	5.050598145
0.6242254825	1113	1.102421166	5.044273853
0.6242370616	1114	1.103411662	5.032376289
0.6242486449	1115	1.104402157	5.023435593
0.6242602186	1116	1.105392652	5.019018173
0.6242717933	1117	1.106383147	5.018080235
0.6242833569	1118	1.107373643	5.010660648
0.6242949231	1119	1.108364138	5.008556366
0.6243065061	1120	1.109354633	5.005008221
0.6243180713	1121	1.110345128	5.000787258
0.6243296509	1122	1.111335623	4.993380547
0.6243412418	1123	1.112326119	4.989607811
0.6243528035	1124	1.113316614	4.980042458
0.624364391	1125	1.114307109	4.974274635
0.6243759497	1126	1.115297604	4.969599247
0.6243875206	1127	1.116288099	4.955451489
0.624399098	1128	1.117278595	4.943269253
0.6244106737	1129	1.11826909	4.933239937
0.6244222471	1130	1.119259585	4.927106381
0.624433819	1131	1.12025008	4.927379131
0.6244453942	1132	1.121240575	4.920763016
0.6244569611	1133	1.122231071	4.915879726
0.6244685402	1134	1.123221566	4.909459591
0.6244801304	1135	1.124212061	4.90090847
0.6244916916	1136	1.125202556	4.901081085
0.624503258	1137	1.126193051	4.897296429
0.6245148404	1138	1.127183547	4.892562389
0.6245264234	1139	1.128174042	4.885133743
0.6245379862	1140	1.129164537	4.875482559
0.6245495622	1141	1.130155032	4.865987778
0.6245611366	1142	1.131145528	4.859992027
0.6245727137	1143	1.132136023	4.853719711
0.6245842902	1144	1.133126518	4.837996483
0.6245958612	1145	1.134117013	4.827848434
0.6246074317	1146	1.135107508	4.828525543
0.6246190063	1147	1.136098004	4.825978279
0.6246305795	1148	1.137088499	4.820442677
0.624642155	1149	1.138078994	4.813774586
0.6246537249	1150	1.139069489	4.806825161
0.6246653016	1151	1.140059984	4.79954958
0.6246768771	1152	1.14105048	4.788701057
0.6246884527	1153	1.142040975	4.778892517
0.6247000249	1154	1.14303147	4.773228169
0.6247115948	1155	1.144021965	4.770753861
0.6247231667	1156	1.14501246	4.770501614
0.6247347387	1157	1.146002956	4.771612167
0.6247463199	1158	1.146993451	4.75966692
0.6247578882	1159	1.147983946	4.738486767
0.6247694699	1160	1.148974441	4.725278378
0.6247810387	1161	1.149964936	4.722752571
0.624792619	1162	1.150955432	4.715419292
0.6248041868	1163	1.151945927	4.710074902
0.6248157668	1164	1.152936422	4.701429844
0.6248273442	1165	1.153926917	4.677869797
0.6248389144	1166	1.154917413	4.664002895
0.6248504835	1167	1.155907908	4.654966354
0.6248620595	1168	1.156898403	4.646150589
0.6248736286	1169	1.157888898	4.629432678
0.6248852092	1170	1.158879393	4.61973381
0.6248967808	1171	1.159869889	4.612315178
0.6249083574	1172	1.160860384	4.614123821
0.6249199366	1173	1.161850879	4.609921455
0.6249315057	1174	1.162841374	4.602754116
0.6249430779	1175	1.163831869	4.600027084
0.6249546541	1176	1.164822365	4.593549728
0.6249662316	1177	1.16581286	4.586538792
0.624977799	1178	1.166803355	4.579828262
0.6249893696	1179	1.16779385	4.571463585
0.6250009432	1180	1.168784345	4.557116985
0.6250125365	1181	1.169774841	4.5537467
0.6250241013	1182	1.170765336	4.538994789
0.6250356765	1183	1.171755831	4.531103134
0.6250472473	1184	1.172746326	4.526083946
0.6250588136	1185	1.173736821	4.509110928
0.6250703877	1186	1.174727317	4.496270657
0.6250819642	1187	1.175717812	4.492142677
0.6250935474	1188	1.176708307	4.487348557
0.6251051113	1189	1.177698802	4.488717079
0.6251166877	1190	1.178689298	4.484272003
0.6251282821	1191	1.179679793	4.477169514
0.6251398394	1192	1.180670288	4.467223167
0.6251514069	1193	1.181660783	4.466583252
0.6251629884	1194	1.182651278	4.46184969
0.6251745593	1195	1.183641774	4.4553895
0.6251861304	1196	1.184632269	4.453033924
0.6251977123	1197	1.185622764	4.447113037
0.6252092831	1198	1.186613259	4.440224171
0.6252208717	1199	1.187603754	4.433737755
0.6252324337	1200	1.18859425	4.430932999
0.6252440022	1201	1.189584745	4.427592278
0.6252555741	1202	1.19057524	4.411475182
0.6252671558	1203	1.191565735	4.392021179
0.6252787304	1204	1.19255623	4.380852222
0.6252902962	1205	1.193546726	4.3779459
0.6253018808	1206	1.194537221	4.377618313
0.6253134548	1207	1.195527716	4.370456219
0.6253250185	1208	1.196518211	4.365540505
0.6253366075	1209	1.197508706	4.363802433
0.6253481793	1210	1.198499202	4.361096859
0.6253597458	1211	1.199489697	4.358183861
0.6253713226	1212	1.200480192	4.346633434
0.6253828914	1213	1.201470687	4.338979721
0.6253944712	1214	1.202461182	4.33731842
0.6254060431	1215	1.203451678	4.327146053
0.6254176116	1216	1.204442173	4.321121216
0.6254292055	1217	1.205432668	4.312058449
0.6254407727	1218	1.206423163	4.309641361
0.6254523545	1219	1.207413659	4.305191517
0.6254639197	1220	1.208404154	4.299088001
0.6254755012	1221	1.209394649	4.297502995
0.6254870629	1222	1.210385144	4.29186821
0.625498644	1223	1.211375639	4.285106182
0.6255102126	1224	1.212366135	4.280641079
0.6255217887	1225	1.21335663	4.274594307
0.625533356	1226	1.214347125	4.271958351
0.6255449303	1227	1.21533762	4.265566349
0.6255565006	1228	1.216328115	4.262966156
0.6255680805	1229	1.217318611	4.255589485
0.6255796555	1230	1.218309106	4.250947475
0.6255912436	1231	1.219299601	4.238324165
0.6256027968	1232	1.220290096	4.236665726
0.6256143736	1233	1.221280591	4.235156536
0.625625952	1234	1.222271087	4.232929707
0.6256375258	1235	1.223261582	4.229032993
0.6256490993	1236	1.224252077	4.223389626
0.6256606716	1237	1.225242572	4.212016106
0.6256722412	1238	1.226233067	4.206848621
0.6256838209	1239	1.227223563	4.203232765
0.6256953986	1240	1.228214058	4.200173855
0.6257069685	1241	1.229204553	4.201433659
0.6257185488	1242	1.230195048	4.201414585
0.6257301317	1243	1.231185544	4.202009201
0.6257416955	1244	1.232176039	4.198820114
0.6257532614	1245	1.233166534	4.193013668
0.6257648342	1246	1.234157029	4.191408157
0.6257764234	1247	1.235147524	4.189464569
0.6257879823	1248	1.23613802	4.183183193
0.6257995592	1249	1.237128515	4.178619862
0.6258111374	1250	1.23811901	4.172516346
0.6258227168	1251	1.239109505	4.172063351
0.6258342784	1252	1.2401	4.157463551
0.6258458554	1253	1.241090496	4.155783653
0.6258574361	1254	1.242080991	4.157303333
0.6258690159	1255	1.243071486	4.156412602
0.6258805825	1256	1.244061981	4.154632092
0.625892156	1257	1.245052476	4.152729511
0.6259037316	1258	1.246042972	4.150825024
0.6259153032	1259	1.247033467	4.141775608
0.6259268801	1260	1.248023962	4.138858795
0.6259384465	1261	1.249014457	4.13688612
0.6259500361	1262	1.250004952	4.130410671
0.6259615979	1263	1.250995448	4.123244762
0.6259731773	1264	1.251985943	4.115196228
0.6259847512	1265	1.252976438	4.107623577
0.625996334	1266	1.253966933	4.110408783
0.626007899	1267	1.254957429	4.110956669
0.6260194673	1268	1.255947924	4.107085705
0.6260310469	1269	1.256938419	4.103042603
0.6260426168	1270	1.257928914	4.092997551
0.6260541867	1271	1.258919409	4.087993622
0.6260657724	1272	1.259909905	4.08582449
0.6260773423	1273	1.2609004	4.085826874
0.6260889082	1274	1.261890895	4.087611198
0.6261004871	1275	1.26288139	4.090294361
0.6261120661	1276	1.263871885	4.086527824
0.6261236306	1277	1.264862381	4.081197739
0.6261352047	1278	1.265852876	4.081931114
0.6261467858	1279	1.266843371	4.081421375
0.6261583679	1280	1.267833866	4.082372665
0.6261699361	1281	1.268824361	4.079653263
0.6261815077	1282	1.269814857	4.06868887
0.6261930842	1283	1.270805352	4.065374374
0.6262046558	1284	1.271795847	4.063625336
0.6262162316	1285	1.272786342	4.057265759
0.626227819	1286	1.273776837	4.053558826
0.626239382	1287	1.274767333	4.054602623
0.6262509592	1288	1.275757828	4.051843166
0.6262625286	1289	1.276748323	4.046473026
0.6262741034	1290	1.277738818	4.039655209
0.6262856713	1291	1.278729314	4.02953577
0.6262972468	1292	1.279719809	4.029064655
0.6263088253	1293	1.280710304	4.026430607
0.6263203987	1294	1.281700799	4.019104004
0.6263319729	1295	1.282691294	4.012253761
0.626343554	1296	1.28368179	4.010763645
0.6263551258	1297	1.284672285	4.011009216
0.6263666898	1298	1.28566278	4.012775421
0.6263782692	1299	1.286653275	4.007561207
0.6263898379	1300	1.28764377	4.007709026
0.6264014164	1301	1.288634266	4.006981373
0.6264129935	1302	1.289624761	4.003719807
0.6264245661	1303	1.290615256	4.002811909
0.6264361334	1304	1.291605751	4.001935959
0.6264477144	1305	1.292596246	4.001068592
0.6264592883	1306	1.293586742	3.998265028
0.6264708647	1307	1.294577237	3.995152235
0.6264824466	1308	1.295567732	3.992364883
0.6264940021	1309	1.296558227	3.991533279
0.6265055963	1310	1.297548722	3.985973835
0.6265171575	1311	1.298539218	3.984626293
0.6265287432	1312	1.299529713	3.984681368
0.6265403014	1313	1.300520208	3.984750271
0.626551882	1314	1.301510703	3.98502183
0.6265634589	1315	1.302501198	3.982420921
0.6265750254	1316	1.303491694	3.9802351
0.6265866032	1317	1.304482189	3.973990202
0.6265981901	1318	1.305472684	3.967020512
0.6266097512	1319	1.306463179	3.965562344
0.6266213247	1320	1.307453675	3.965157986
0.6266329007	1321	1.30844417	3.964964151
0.6266444673	1322	1.309434665	3.963945627
0.6266560428	1323	1.31042516	3.960781574
0.6266676176	1324	1.311415655	3.961495638
0.6266791951	1325	1.312406151	3.951908112
0.6266907831	1326	1.313396646	3.947988749
0.6267023451	1327	1.314387141	3.951692343
0.6267139112	1328	1.315377636	3.949319124
0.6267254874	1329	1.316368131	3.949069262
0.6267370656	1330	1.317358627	3.946741104
0.626748637	1331	1.318349122	3.942772865
0.6267602093	1332	1.319339617	3.936358452
0.6267717843	1333	1.320330112	3.93756175
0.6267833569	1334	1.321320607	3.936695337
0.626794945	1335	1.322311103	3.931577921
0.6268065166	1336	1.323301598	3.931730747
0.6268180839	1337	1.324292093	3.930197716
0.6268296535	1338	1.325282588	3.930551291
0.6268412337	1339	1.326273083	3.930540562
0.6268528006	1340	1.327263579	3.929003
0.6268643735	1341	1.328254074	3.923026323
0.6268759499	1342	1.329244569	3.923418522
0.6268875296	1343	1.330235064	3.922772884
0.6268991126	1344	1.33122556	3.918114901
0.6269106779	1345	1.332216055	3.916531086
0.6269222579	1346	1.33320655	3.910778284
0.6269338254	1347	1.334197045	3.904377699
0.6269453917	1348	1.33518754	3.903317213
0.626956979	1349	1.336178036	3.903021097
0.6269685432	1350	1.337168531	3.904731274
0.6269801216	1351	1.338159026	3.906831741
0.6269916966	1352	1.339149521	3.900980473
0.627003271	1353	1.340140016	3.894470215
0.6270148429	1354	1.341130512	3.88884306
0.6270264188	1355	1.342121007	3.888452292
0.6270379897	1356	1.343111502	3.887943983
0.6270495588	1357	1.344101997	3.889246464
0.6270611406	1358	1.345092492	3.886939049
0.6270727111	1359	1.346082988	3.88522315
0.6270842835	1360	1.347073483	3.882193804
0.6270958633	1361	1.348063978	3.875363588
0.6271074414	1362	1.349054473	3.877080679
0.6271190073	1363	1.350044968	3.878927708
0.6271305994	1364	1.351035464	3.878100395
0.6271421594	1365	1.352025959	3.872548819
0.627153726	1366	1.353016454	3.869184017
0.6271653084	1367	1.354006949	3.869345665
0.6271768889	1368	1.354997445	3.867901087
0.6271884569	1369	1.35598794	3.866253853
0.6272000366	1370	1.356978435	3.864552498
0.6272116043	1371	1.35796893	3.860743523
0.6272231799	1372	1.358959425	3.85675025
0.627234753	1373	1.359949921	3.857450247
0.6272463316	1374	1.360940416	3.856528521
0.6272578952	1375	1.361930911	3.858443022
0.6272694722	1376	1.362921406	3.855734825
0.6272810494	1377	1.363911901	3.855084181
0.6272926292	1378	1.364902397	3.850392342
0.6273041959	1379	1.365892892	3.849994183
0.6273157672	1380	1.366883387	3.850784779
0.6273273409	1381	1.367873882	3.850238323
0.6273389141	1382	1.368864377	3.851306915
0.6273504925	1383	1.369854873	3.849950314
0.6273620813	1384	1.370845368	3.848335743
0.627373643	1385	1.371835863	3.845414877
0.6273852127	1386	1.372826358	3.841358423
0.6273967896	1387	1.373816853	3.838476658
0.6274083608	1388	1.374807349	3.837450266
0.6274199391	1389	1.375797844	3.838629723
0.6274315067	1390	1.376788339	3.839945316
0.627443083	1391	1.377778834	3.834908485
0.627454654	1392	1.37876933	3.832992554
0.6274662343	1393	1.379759825	3.834310532
0.6274778001	1394	1.38075032	3.834255695
0.6274893888	1395	1.381740815	3.833309174
0.6275009596	1396	1.38273131	3.829768658
0.6275125236	1397	1.383721806	3.831091166
0.6275241163	1398	1.384712301	3.822785854
0.6275356798	1399	1.385702796	3.818703651
0.6275472457	1400	1.386693291	3.820840597
0.6275588228	1401	1.387683786	3.822786331
0.6275704044	1402	1.388674282	3.820508242
0.6275819822	1403	1.389664777	3.814763069
0.6275935461	1404	1.390655272	3.814999104
0.6276051228	1405	1.391645767	3.815086126
0.6276167089	1406	1.392636262	3.814964771
0.627628268	1407	1.393626758	3.812374592
0.6276398413	1408	1.394617253	3.808535814
0.6276514164	1409	1.395607748	3.808081865
0.6276629862	1410	1.396598243	3.805305004
0.627674567	1411	1.397588738	3.805247068
0.6276861346	1412	1.398579234	3.802998066
0.6276977167	1413	1.399569729	3.804716349
0.6277092832	1414	1.400560224	3.805237055
0.6277208649	1415	1.401550719	3.805855036
0.6277324322	1416	1.402541215	3.805799723
0.6277440132	1417	1.40353171	3.801656961
0.6277555953	1418	1.404522205	3.79479003
0.627767162	1419	1.4055127	3.793471575
0.6277787298	1420	1.406503195	3.793707371
0.6277903148	1421	1.407493691	3.794653893
0.6278018807	1422	1.408484186	3.794043064
0.6278134494	1423	1.409474681	3.794162512
0.627825023	1424	1.410465176	3.792659044
0.6278365993	1425	1.411455671	3.788279533
0.6278481798	1426	1.412446167	3.785154581
0.6278597557	1427	1.413436662	3.783722639
0.6278713374	1428	1.414427157	3.787506104
0.6278829033	1429	1.415417652	3.788724423
0.6278944738	1430	1.416408147	3.790071726
0.627906063	1431	1.417398643	3.791317225
0.6279176298	1432	1.418389138	3.784450293
0.6279291916	1433	1.419379633	3.780039549
0.6279407855	1434	1.420370128	3.780459404
0.6279523436	1435	1.421360623	3.780780792
0.627963923	1436	1.422351119	3.778683186
0.6279755019	1437	1.423341614	3.777519226
0.6279870649	1438	1.424332109	3.773895741
0.6279986399	1439	1.425322604	3.77427268
0.6280102136	1440	1.426313099	3.772161961
0.6280217892	1441	1.427303595	3.772626162
0.6280333582	1442	1.42829409	3.770210028
0.6280449381	1443	1.429284585	3.769768238
0.6280565143	1444	1.43027508	3.768967867
0.6280680877	1445	1.431265576	3.767651558
0.6280796764	1446	1.432256071	3.76768899
0.6280912351	1447	1.433246566	3.765900374
0.6281028119	1448	1.434237061	3.764973402
0.6281143757	1449	1.435227556	3.761507988
0.6281259649	1450	1.436218052	3.759721756
0.6281375283	1451	1.437208547	3.758604765
0.6281491018	1452	1.438199042	3.777262688
0.6281606809	1453	1.439189537	3.780902147
0.6281722477	1454	1.440180032	3.749725103
0.6281838287	1455	1.441170528	3.754978895
0.6281953946	1456	1.442161023	3.755676746
0.6282069763	1457	1.443151518	3.755981922
0.6282185477	1458	1.444142013	3.754153013
0.6282301256	1459	1.445132508	3.749948025
0.628241691	1460	1.446123004	3.751172781
0.6282532741	1461	1.447113499	3.749876976
0.6282648452	1462	1.448103994	3.74691391
0.6282764205	1463	1.449094489	3.743947029
0.6282879946	1464	1.450084984	3.74401474
0.62829957	1465	1.45107548	3.744864464
0.6283111361	1466	1.452065975	3.744656324
0.6283227096	1467	1.45305647	3.746460199
0.6283342865	1468	1.454046965	3.742791176
0.6283458669	1469	1.455037461	3.737622738
0.6283574497	1470	1.456027956	3.735022783
0.6283690131	1471	1.457018451	3.737112522
0.6283805811	1472	1.458008946	3.738650084
0.6283921617	1473	1.458999441	3.736007929
0.628403729	1474	1.459989937	3.735990286
0.6284153123	1475	1.460980432	3.737572193
0.6284268957	1476	1.461970927	3.736521959
0.6284384563	1477	1.462961422	3.736814976
0.6284500309	1478	1.463951917	3.735736609
0.6284616058	1479	1.464942413	3.731571674
0.6284731868	1480	1.465932908	3.727815628
0.6284847517	1481	1.466923403	3.730734348
0.6284963266	1482	1.467913898	3.725809097
0.6285079008	1483	1.468904393	3.723428965
0.6285194763	1484	1.469894889	3.724006891
0.6285310512	1485	1.470885384	3.722408772
0.6285426333	1486	1.471875879	3.717114449
0.6285541984	1487	1.472866374	3.71856904
0.6285657752	1488	1.473856869	3.720590353
0.6285773404	1489	1.474847365	3.720606089
0.6285889178	1490	1.47583786	3.720335484
0.6286004946	1491	1.476828355	3.718462944
0.6286120687	1492	1.47781885	3.716579437
0.6286236446	1493	1.478809346	3.717973232
0.6286352137	1494	1.479799841	3.715219736
0.628646788	1495	1.480790336	3.714606285
0.6286583579	1496	1.481780831	3.713658333
0.6286699474	1497	1.482771326	3.716256619
0.6286815279	1498	1.483761822	3.713365555
0.6286930884	1499	1.484752317	3.714428425
0.6287046738	1500	1.485742812	3.711206675
0.6287162401	1501	1.486733307	3.707998276
0.6287278094	1502	1.487723802	3.707678795
0.6287393878	1503	1.488714298	3.707995415
0.62875096	1504	1.489704793	3.707476616
0.6287625276	1505	1.490695288	3.70582819
0.6287741131	1506	1.491685783	3.703290701
0.628785723	1507	1.492676278	3.700059891
0.6287972592	1508	1.493666774	3.699792147
0.6288088342	1509	1.494657269	3.701263189
0.6288203962	1510	1.495647764	3.702171087
0.6288319709	1511	1.496638259	3.702220678
0.6288435457	1512	1.497628754	3.700770378
0.6288551265	1513	1.49861925	3.697845697
0.6288666921	1514	1.499609745	3.69158721