Day fraction since midnight on	Time (s)	Hydraulic Residence Time	HRT (10% Accelerated)	pH
0.609757849	1	0.001111111111	0.00101010101	7.850072861
0.6098157273	2	0.002222222222	0.00202020202	7.839765072
0.6098735952	3	0.003333333333	0.00303030303	7.841414928
0.6099314684	4	0.004444444444	0.00404040404	7.849553108
0.6099893367	5	0.005555555556	0.005050505051	7.854076386
0.6100472102	6	0.006666666667	0.006060606061	7.84693718
0.6101050831	7	0.007777777778	0.007070707071	7.847279549
0.6101629469	8	0.008888888889	0.008080808081	7.846282959
0.6102208295	9	0.01	0.009090909091	7.863742828
0.6102786927	10	0.01111111111	0.0101010101	7.852180958
0.6103365663	11	0.01222222222	0.01111111111	7.854418278
0.6103944311	12	0.01333333333	0.01212121212	7.824771404
0.6104523099	13	0.01444444444	0.01313131313	7.764472961
0.610510174	14	0.01555555556	0.01414141414	7.724399567
0.6105680435	15	0.01666666667	0.01515151515	7.690345287
0.6106259089	16	0.01777777778	0.01616161616	7.642761231
0.6106837889	17	0.01888888889	0.01717171717	7.611517906
0.6107416533	18	0.02	0.01818181818	7.572906971
0.6107995367	19	0.02111111111	0.01919191919	7.543384075
0.6108573971	20	0.02222222222	0.0202020202	7.518411636
0.6109152615	21	0.02333333333	0.02121212121	7.48659277
0.6109731375	22	0.02444444444	0.02222222222	7.458284855
0.611031001	23	0.02555555556	0.02323232323	7.426954746
0.6110888795	24	0.02666666667	0.02424242424	7.408782482
0.6111467506	25	0.02777777778	0.02525252525	7.384394646
0.6112046143	26	0.02888888889	0.02626262626	7.366333485
0.611262495	27	0.03	0.02727272727	7.341725349
0.6113203623	28	0.03111111111	0.02828282828	7.319348335
0.6113782326	29	0.03222222222	0.02929292929	7.3005476
0.6114361048	30	0.03333333333	0.0303030303	7.270124435
0.611493974	31	0.03444444444	0.03131313131	7.251856804
0.6115518471	32	0.03555555556	0.03232323232	7.222439289
0.6116097066	33	0.03666666667	0.03333333333	7.215242386
0.6116675902	34	0.03777777778	0.03434343434	7.192458153
0.6117486098	35	0.03888888889	0.03535353535	7.172066212
0.6117601717	36	0.04	0.03636363636	7.168173313
0.6117717475	37	0.04111111111	0.03737373737	7.163107395
0.6117833244	38	0.04222222222	0.03838383838	7.159250259
0.6117948966	39	0.04333333333	0.03939393939	7.161192417
0.6118064753	40	0.04444444444	0.0404040404	7.160862923
0.6118180552	41	0.04555555556	0.04141414141	7.158557415
0.6118296223	42	0.04666666667	0.04242424242	7.158761978
0.6118411913	43	0.04777777778	0.04343434343	7.160324574
0.611852773	44	0.04888888889	0.04444444444	7.156427383
0.6118643393	45	0.05	0.04545454545	7.158761978
0.611875921	46	0.05111111111	0.04646464646	7.154516697
0.6118874938	47	0.05222222222	0.04747474747	7.140707016
0.6118990704	48	0.05333333333	0.04848484848	7.124343395
0.6119106413	49	0.05444444444	0.04949494949	7.125152111
0.6119222089	50	0.05555555556	0.05050505051	7.129908562
0.6119337916	51	0.05666666667	0.05151515152	7.136487484
0.6119453572	52	0.05777777778	0.05252525253	7.126297951
0.6119569402	53	0.05888888889	0.05353535354	7.123028278
0.6119685098	54	0.06	0.05454545455	7.120117188
0.6119800824	55	0.06111111111	0.05555555556	7.123513699
0.6119916661	56	0.06222222222	0.05656565657	7.110452175
0.6120032298	57	0.06333333333	0.05757575758	7.108190537
0.6120148003	58	0.06444444444	0.05858585859	7.106940746
0.6120263778	59	0.06555555556	0.0595959596	7.103672504
0.6120379542	60	0.06666666667	0.06060606061	7.09476614
0.612049528	61	0.06777777778	0.06161616162	7.097168922
0.6120611159	62	0.06888888889	0.06262626263	7.097255707
0.6120726718	63	0.07	0.06363636364	7.081941605
0.6120842558	64	0.07111111111	0.06464646465	7.06893301
0.6120958262	65	0.07222222222	0.06565656566	7.067948818
0.6121073932	66	0.07333333333	0.06666666667	7.066860199
0.6121189741	67	0.07444444444	0.06767676768	7.073744774
0.6121305617	68	0.07555555556	0.06868686869	7.077023029
0.6121421233	69	0.07666666667	0.0696969697	7.068226814
0.6121536895	70	0.07777777778	0.07070707071	7.061496735
0.6121652722	71	0.07888888889	0.07171717172	7.057374001
0.6121768382	72	0.08	0.07272727273	7.052393913
0.6121884131	73	0.08111111111	0.07373737374	7.052425385
0.6122000049	74	0.08222222222	0.07474747475	7.05249548
0.6122115679	75	0.08333333333	0.07575757576	7.048904419
0.6122231503	76	0.08444444444	0.07676767677	7.046242237
0.6122347109	77	0.08555555556	0.07777777778	7.045172215
0.612246293	78	0.08666666667	0.07878787879	7.041362286
0.6122578712	79	0.08777777778	0.0797979798	7.037049294
0.6122694423	80	0.08888888889	0.08080808081	7.034078598
0.6122810056	81	0.09	0.08181818182	7.032870293
0.6122925804	82	0.09111111111	0.08282828283	7.029948711
0.612304159	83	0.09222222222	0.08383838384	7.027371407
0.6123157381	84	0.09333333333	0.08484848485	7.017307758
0.6123273092	85	0.09444444444	0.08585858586	7.015051365
0.6123388761	86	0.09555555556	0.08686868687	7.022529602
0.6123504573	87	0.09666666667	0.08787878788	7.0235672
0.6123620229	88	0.09777777778	0.08888888889	7.021700859
0.6123736057	89	0.09888888889	0.0898989899	7.018815517
0.612385172	90	0.1	0.09090909091	7.013367653
0.6123967455	91	0.1011111111	0.09191919192	7.01713419
0.6124083258	92	0.1022222222	0.09292929293	7.023146153
0.6124199032	93	0.1033333333	0.09393939394	7.007489681
0.6124314746	94	0.1044444444	0.09494949495	7.001215458
0.6124430452	95	0.1055555556	0.09595959596	7.006388664
0.6124546325	96	0.1066666667	0.09696969697	6.999401093
0.612466199	97	0.1077777778	0.09797979798	7.000937462
0.6124777839	98	0.1088888889	0.09898989899	6.98893404
0.6124893451	99	0.11	0.1	6.990641594
0.6125009302	100	0.1111111111	0.101010101	6.993254662
0.6125124937	101	0.1122222222	0.102020202	7.001407147
0.6125240609	102	0.1133333333	0.103030303	7.001781464
0.6125356431	103	0.1144444444	0.104040404	6.987237454
0.612547209	104	0.1155555556	0.1050505051	6.989143372
0.6125587912	105	0.1166666667	0.1060606061	6.999221325
0.6125703787	106	0.1177777778	0.1070707071	6.990366459
0.6125819363	107	0.1188888889	0.1080808081	6.977933407
0.6125935154	108	0.12	0.1090909091	6.973842621
0.6126050834	109	0.1211111111	0.1101010101	6.973624229
0.6126166537	110	0.1222222222	0.1111111111	6.971760273
0.612628231	111	0.1233333333	0.1121212121	6.955025673
0.6126398177	112	0.1244444444	0.1131313131	6.953052998
0.6126513793	113	0.1255555556	0.1141414141	6.951322079
0.6126629648	114	0.1266666667	0.1151515152	6.951993942
0.6126745322	115	0.1277777778	0.1161616162	6.952382088
0.6126861144	116	0.1288888889	0.1171717172	6.944496632
0.6126976762	117	0.13	0.1181818182	6.950109959
0.6127092468	118	0.1311111111	0.1191919192	6.951995373
0.612720828	119	0.1322222222	0.1202020202	6.940762997
0.6127323973	120	0.1333333333	0.1212121212	6.938967228
0.6127439721	121	0.1344444444	0.1222222222	6.938206196
0.6127555576	122	0.1355555556	0.1232323232	6.928166866
0.612767124	123	0.1366666667	0.1242424242	6.927076817
0.6127787117	124	0.1377777778	0.1252525253	6.924665451
0.6127902703	125	0.1388888889	0.1262626263	6.921849251
0.6128018449	126	0.14	0.1272727273	6.914480686
0.6128134171	127	0.1411111111	0.1282828283	6.90673399
0.6128249898	128	0.1422222222	0.1292929293	6.903384209
0.6128365659	129	0.1433333333	0.1303030303	6.913531303
0.6128481437	130	0.1444444444	0.1313131313	6.912575245
0.6128597124	131	0.1455555556	0.1323232323	6.903434277
0.6128712858	132	0.1466666667	0.1333333333	6.906447887
0.6128828647	133	0.1477777778	0.1343434343	6.905048847
0.6128944387	134	0.1488888889	0.1353535354	6.902728081
0.6129060122	135	0.15	0.1363636364	6.904242992
0.6129176018	136	0.1511111111	0.1373737374	6.909302235
0.6129291611	137	0.1522222222	0.1383838384	6.901919842
0.6129407391	138	0.1533333333	0.1393939394	6.895053864
0.6129523083	139	0.1544444444	0.1404040404	6.890030861
0.6129638788	140	0.1555555556	0.1414141414	6.88587904
0.6129754528	141	0.1566666667	0.1424242424	6.893332005
0.6129870302	142	0.1577777778	0.1434343434	6.897892475
0.6129986204	143	0.1588888889	0.1444444444	6.893642902
0.6130101748	144	0.16	0.1454545455	6.883438587
0.6130217519	145	0.1611111111	0.1464646465	6.875828266
0.6130333229	146	0.1622222222	0.1474747475	6.868028641
0.6130449028	147	0.1633333333	0.1484848485	6.868994713
0.6130564918	148	0.1644444444	0.1494949495	6.868161678
0.613068052	149	0.1655555556	0.1505050505	6.872480869
0.6130796344	150	0.1666666667	0.1515151515	6.873601437
0.6130912011	151	0.1677777778	0.1525252525	6.870698929
0.613102777	152	0.1688888889	0.1535353535	6.866168976
0.6131143446	153	0.17	0.1545454545	6.86389637
0.6131259172	154	0.1711111111	0.1555555556	6.86960268
0.6131374948	155	0.1722222222	0.1565656566	6.867889881
0.6131490724	156	0.1733333333	0.1575757576	6.866310597
0.6131606456	157	0.1744444444	0.1585858586	6.859890461
0.6131722189	158	0.1755555556	0.1595959596	6.854487419
0.6131837936	159	0.1766666667	0.1606060606	6.857282639
0.6131953601	160	0.1777777778	0.1616161616	6.851222038
0.6132069339	161	0.1788888889	0.1626262626	6.84732151
0.6132185255	162	0.18	0.1636363636	6.849616528
0.6132300971	163	0.1811111111	0.1646464646	6.846879482
0.613241657	164	0.1822222222	0.1656565657	6.847064495
0.6132532319	165	0.1833333333	0.1666666667	6.844007015
0.613264806	166	0.1844444444	0.1676767677	6.846893311
0.6132763929	167	0.1855555556	0.1686868687	6.843071938
0.6132879591	168	0.1866666667	0.1696969697	6.834154606
0.6132995347	169	0.1877777778	0.1707070707	6.835269451
0.6133111054	170	0.1888888889	0.1717171717	6.835080147
0.6133226831	171	0.19	0.1727272727	6.835400581
0.6133342503	172	0.1911111111	0.1737373737	6.830097675
0.6133458234	173	0.1922222222	0.1747474747	6.836493969
0.6133574035	174	0.1933333333	0.1757575758	6.840267181
0.6133689716	175	0.1944444444	0.1767676768	6.835214615
0.613380565	176	0.1955555556	0.1777777778	6.835260868
0.6133921256	177	0.1966666667	0.1787878788	6.822147846
0.6134037016	178	0.1977777778	0.1797979798	6.817625046
0.6134152759	179	0.1988888889	0.1808080808	6.827348232
0.6134268461	180	0.2	0.1818181818	6.835456371
0.6134384187	181	0.2011111111	0.1828282828	6.82558775
0.6134499959	182	0.2022222222	0.1838383838	6.81414032
0.6134615687	183	0.2033333333	0.1848484848	6.811549187
0.6134731456	184	0.2044444444	0.1858585859	6.813885212
0.6134847163	185	0.2055555556	0.1868686869	6.810454845
0.6134963003	186	0.2066666667	0.1878787879	6.808589459
0.6135078664	187	0.2077777778	0.1888888889	6.80427742
0.6135194426	188	0.2088888889	0.1898989899	6.809448719
0.6135310168	189	0.21	0.1909090909	6.805521965
0.6135425924	190	0.2111111111	0.1919191919	6.793962956
0.6135541633	191	0.2122222222	0.1929292929	6.788749695
0.6135657409	192	0.2133333333	0.1939393939	6.786177158
0.6135773131	193	0.2144444444	0.1949494949	6.787659168
0.6135888809	194	0.2155555556	0.195959596	6.786402226
0.6136004566	195	0.2166666667	0.196969697	6.786119461
0.6136120287	196	0.2177777778	0.197979798	6.790037155
0.6136236011	197	0.2188888889	0.198989899	6.78758049
0.6136351902	198	0.22	0.2	6.77516222
0.6136467561	199	0.2211111111	0.201010101	6.772919655
0.6136583242	200	0.2222222222	0.202020202	6.774939537
0.6136698975	201	0.2233333333	0.203030303	6.774135113
0.6136814761	202	0.2244444444	0.204040404	6.776980877
0.6136930542	203	0.2255555556	0.2050505051	6.772306442
0.6137046299	204	0.2266666667	0.2060606061	6.767648697
0.6137161993	205	0.2277777778	0.2070707071	6.768593788
0.6137277716	206	0.2288888889	0.2080808081	6.767370701
0.6137393567	207	0.23	0.2090909091	6.768821716
0.6137509326	208	0.2311111111	0.2101010101	6.763110161
0.6137624986	209	0.2322222222	0.2111111111	6.756323338
0.6137740752	210	0.2333333333	0.2121212121	6.763960362
0.6137856474	211	0.2344444444	0.2131313131	6.772602081
0.6137972264	212	0.2355555556	0.2141414141	6.770368576
0.6138087935	213	0.2366666667	0.2151515152	6.765766144
0.6138203602	214	0.2377777778	0.2161616162	6.753091335
0.6138319381	215	0.2388888889	0.2171717172	6.749647141
0.6138435165	216	0.24	0.2181818182	6.749493122
0.6138550918	217	0.2411111111	0.2191919192	6.752962112
0.6138666646	218	0.2422222222	0.2202020202	6.752182484
0.6138782353	219	0.2433333333	0.2212121212	6.741965771
0.6138898093	220	0.2444444444	0.2222222222	6.745432854
0.6139013831	221	0.2455555556	0.2232323232	6.749312401
0.6139129563	222	0.2466666667	0.2242424242	6.748209953
0.613924536	223	0.2477777778	0.2252525253	6.744020939
0.613936111	224	0.2488888889	0.2262626263	6.744734764
0.6139476773	225	0.25	0.2272727273	6.749018192
0.6139592592	226	0.2511111111	0.2282828283	6.753953457
0.6139708331	227	0.2522222222	0.2292929293	6.745449543
0.6139824065	228	0.2533333333	0.2303030303	6.735805035
0.6139939795	229	0.2544444444	0.2313131313	6.730334759
0.614005559	230	0.2555555556	0.2323232323	6.731485367
0.6140171281	231	0.2566666667	0.2333333333	6.734717846
0.6140287177	232	0.2577777778	0.2343434343	6.730370998
0.6140402778	233	0.2588888889	0.2353535354	6.729594231
0.6140518451	234	0.26	0.2363636364	6.730418682
0.6140634202	235	0.2611111111	0.2373737374	6.73196888
0.6140749925	236	0.2622222222	0.2383838384	6.716240406
0.6140865787	237	0.2633333333	0.2393939394	6.715956211
0.6140981531	238	0.2644444444	0.2404040404	6.7159729
0.6141097203	239	0.2655555556	0.2414141414	6.712017059
0.6141212923	240	0.2666666667	0.2424242424	6.712004662
0.6141328705	241	0.2677777778	0.2434343434	6.706382752
0.614144436	242	0.2688888889	0.2444444444	6.699919224
0.6141560167	243	0.27	0.2454545455	6.698736191
0.6141675861	244	0.2711111111	0.2464646465	6.70150137
0.6141791698	245	0.2722222222	0.2474747475	6.697699547
0.6141907464	246	0.2733333333	0.2484848485	6.700184345
0.6142023147	247	0.2744444444	0.2494949495	6.697461605
0.6142138829	248	0.2755555556	0.2505050505	6.696536064
0.6142254617	249	0.2766666667	0.2515151515	6.696356773
0.6142370358	250	0.2777777778	0.2525252525	6.696098328
0.6142486112	251	0.2788888889	0.2535353535	6.694607258
0.6142601776	252	0.28	0.2545454545	6.689937592
0.6142717591	253	0.2811111111	0.2555555556	6.690457821
0.614283338	254	0.2822222222	0.2565656566	6.691392899
0.6142948985	255	0.2833333333	0.2575757576	6.684400082
0.6143064915	256	0.2844444444	0.2585858586	6.68295908
0.6143180539	257	0.2855555556	0.2595959596	6.690089226
0.6143296267	258	0.2866666667	0.2606060606	6.692950726
0.6143412023	259	0.2877777778	0.2616161616	6.68595314
0.6143527906	260	0.2888888889	0.2626262626	6.685001373
0.6143643571	261	0.29	0.2636363636	6.682791233
0.6143759181	262	0.2911111111	0.2646464646	6.678794861
0.6143875005	263	0.2922222222	0.2656565657	6.675924301
0.6143990726	264	0.2933333333	0.2666666667	6.674570561
0.614410642	265	0.2944444444	0.2676767677	6.680983067
0.6144222251	266	0.2955555556	0.2686868687	6.683391571
0.6144337969	267	0.2966666667	0.2696969697	6.683188438
0.6144453682	268	0.2977777778	0.2707070707	6.676438808
0.6144569441	269	0.2988888889	0.2717171717	6.677811146
0.6144685241	270	0.3	0.2727272727	6.670314312
0.6144800907	271	0.3011111111	0.2737373737	6.674218655
0.6144916616	272	0.3022222222	0.2747474747	6.677566528
0.6145032327	273	0.3033333333	0.2757575758	6.675226688
0.614514819	274	0.3044444444	0.2767676768	6.678253174
0.6145263807	275	0.3055555556	0.2777777778	6.671590805
0.614537966	276	0.3066666667	0.2787878788	6.660680294
0.6145495317	277	0.3077777778	0.2797979798	6.660970211
0.6145611066	278	0.3088888889	0.2808080808	6.664144039
0.6145726847	279	0.31	0.2818181818	6.656443596
0.6145842701	280	0.3111111111	0.2828282828	6.653978825
0.6145958274	281	0.3122222222	0.2838383838	6.6539011
0.6146074053	282	0.3133333333	0.2848484848	6.654165745
0.6146189834	283	0.3144444444	0.2858585859	6.654811859
0.6146305602	284	0.3155555556	0.2868686869	6.653129101
0.6146421309	285	0.3166666667	0.2878787879	6.655768871
0.6146537072	286	0.3177777778	0.2888888889	6.656596184
0.6146652785	287	0.3188888889	0.2898989899	6.653844357
0.6146768602	288	0.32	0.2909090909	6.650715351
0.6146884272	289	0.3211111111	0.2919191919	6.641478539
0.6147000096	290	0.3222222222	0.2929292929	6.639461994
0.6147115742	291	0.3233333333	0.2939393939	6.636167526
0.6147231425	292	0.3244444444	0.2949494949	6.63122797
0.6147347159	293	0.3255555556	0.295959596	6.642336845
0.6147462964	294	0.3266666667	0.296969697	6.634345532
0.6147578793	295	0.3277777778	0.297979798	6.627189159
0.614769445	296	0.3288888889	0.298989899	6.630832672
0.6147810164	297	0.33	0.3	6.629679203
0.614792594	298	0.3311111111	0.301010101	6.625489235
0.6148041731	299	0.3322222222	0.302020202	6.624418259
0.6148157512	300	0.3333333333	0.303030303	6.626186371
0.6148273296	301	0.3344444444	0.304040404	6.628356934
0.6148388904	302	0.3355555556	0.3050505051	6.62102747
0.6148504675	303	0.3366666667	0.3060606061	6.62601614
0.6148620377	304	0.3377777778	0.3070707071	6.626817703
0.6148736051	305	0.3388888889	0.3080808081	6.622374058
0.6148851949	306	0.34	0.3090909091	6.617682457
0.6148967658	307	0.3411111111	0.3101010101	6.611180782
0.6149083365	308	0.3422222222	0.3111111111	6.608050346
0.614919905	309	0.3433333333	0.3121212121	6.605222225
0.6149314962	310	0.3444444444	0.3131313131	6.603067875
0.6149430526	311	0.3455555556	0.3141414141	6.599146843
0.6149546315	312	0.3466666667	0.3151515152	6.594109535
0.6149661981	313	0.3477777778	0.3161616162	6.593928337
0.6149777862	314	0.3488888889	0.3171717172	6.58493042
0.6149893477	315	0.35	0.3181818182	6.582129002
0.6150009277	316	0.3511111111	0.3191919192	6.588039398
0.6150124938	317	0.3522222222	0.3202020202	6.583745003
0.6150240802	318	0.3533333333	0.3212121212	6.577348709
0.6150356435	319	0.3544444444	0.3222222222	6.57610321
0.6150472172	320	0.3555555556	0.3232323232	6.580647945
0.6150587954	321	0.3566666667	0.3242424242	6.585291863
0.6150703645	322	0.3577777778	0.3252525253	6.588037014
0.6150819538	323	0.3588888889	0.3262626263	6.584692478
0.6150935125	324	0.36	0.3272727273	6.585798264
0.6151051046	325	0.3611111111	0.3282828283	6.583060741
0.6151166802	326	0.3622222222	0.3292929293	6.580252171
0.6151282388	327	0.3633333333	0.3303030303	6.581691265
0.6151398148	328	0.3644444444	0.3313131313	6.575932026
0.6151513838	329	0.3655555556	0.3323232323	6.573847771
0.6151629651	330	0.3666666667	0.3333333333	6.572844505
0.615174542	331	0.3677777778	0.3343434343	6.576218128
0.6151861063	332	0.3688888889	0.3353535354	6.575783253
0.6151976844	333	0.37	0.3363636364	6.572555542
0.6152092637	334	0.3711111111	0.3373737374	6.569852829
0.6152208398	335	0.3722222222	0.3383838384	6.564735889
0.6152324087	336	0.3733333333	0.3393939394	6.558004379
0.6152439804	337	0.3744444444	0.3404040404	6.563563347
0.6152555506	338	0.3755555556	0.3414141414	6.56262064
0.6152671335	339	0.3766666667	0.3424242424	6.560554504
0.6152787048	340	0.3777777778	0.3434343434	6.561122417
0.6152902899	341	0.3788888889	0.3444444444	6.557752609
0.6153018531	342	0.38	0.3454545455	6.558075905
0.6153134284	343	0.3811111111	0.3464646465	6.557137489
0.6153249974	344	0.3822222222	0.3474747475	6.554776669
0.6153365682	345	0.3833333333	0.3484848485	6.559556961
0.6153481468	346	0.3844444444	0.3494949495	6.554380894
0.61535973	347	0.3855555556	0.3505050505	6.551392078
0.6153712997	348	0.3866666667	0.3515151515	6.551781178
0.6153828649	349	0.3877777778	0.3525252525	6.546731472
0.6153944476	350	0.3888888889	0.3535353535	6.542331696
0.6154060259	351	0.39	0.3545454545	6.536601543
0.6154175961	352	0.3911111111	0.3555555556	6.54063797
0.6154291667	353	0.3922222222	0.3565656566	6.54678154
0.6154407492	354	0.3933333333	0.3575757576	6.541924
0.6154523101	355	0.3944444444	0.3585858586	6.535352707
0.6154638839	356	0.3955555556	0.3595959596	6.534363747
0.6154754656	357	0.3966666667	0.3606060606	6.534937382
0.6154870404	358	0.3977777778	0.3616161616	6.525163174
0.6154986098	359	0.3988888889	0.3626262626	6.525102139
0.6155101878	360	0.4	0.3636363636	6.525656223
0.6155217719	361	0.4011111111	0.3646464646	6.521992207
0.6155333353	362	0.4022222222	0.3656565657	6.517965317
0.6155449109	363	0.4033333333	0.3666666667	6.531928539
0.615556482	364	0.4044444444	0.3676767677	6.525152683
0.6155680628	365	0.4055555556	0.3686868687	6.517004013
0.615579634	366	0.4066666667	0.3696969697	6.523438931
0.6155912099	367	0.4077777778	0.3707070707	6.527763844
0.6156027817	368	0.4088888889	0.3717171717	6.526953697
0.6156143533	369	0.41	0.3727272727	6.516685963
0.615625928	370	0.4111111111	0.3737373737	6.520845413
0.6156374991	371	0.4122222222	0.3747474747	6.519382
0.6156490783	372	0.4133333333	0.3757575758	6.514606953
0.6156606661	373	0.4144444444	0.3767676768	6.521661282
0.6156722244	374	0.4155555556	0.3777777778	6.506906986
0.6156837943	375	0.4166666667	0.3787878788	6.501385689
0.6156953741	376	0.4177777778	0.3797979798	6.503386021
0.6157069418	377	0.4188888889	0.3808080808	6.495747089
0.6157185219	378	0.42	0.3818181818	6.492096901
0.6157300877	379	0.4211111111	0.3828282828	6.494653225
0.6157416709	380	0.4222222222	0.3838383838	6.49429369
0.615753238	381	0.4233333333	0.3848484848	6.492800713
0.6157648235	382	0.4244444444	0.3858585859	6.491675854
0.6157763994	383	0.4255555556	0.3868686869	6.49033308
0.6157879616	384	0.4266666667	0.3878787879	6.488862991
0.6157995469	385	0.4277777778	0.3888888889	6.488973141
0.6158111201	386	0.4288888889	0.3898989899	6.486543179
0.6158226993	387	0.43	0.3909090909	6.482870579
0.6158342641	388	0.4311111111	0.3919191919	6.485176563
0.6158458325	389	0.4322222222	0.3929292929	6.484890461
0.6158574126	390	0.4333333333	0.3939393939	6.480575562
0.6158689782	391	0.4344444444	0.3949494949	6.486023903
0.6158805575	392	0.4355555556	0.395959596	6.482513428
0.6158921427	393	0.4366666667	0.396969697	6.475714207
0.6159037069	394	0.4377777778	0.397979798	6.472687244
0.6159152881	395	0.4388888889	0.398989899	6.473249435
0.6159268543	396	0.44	0.4	6.469260216
0.6159384413	397	0.4411111111	0.401010101	6.467928886
0.6159500048	398	0.4422222222	0.402020202	6.465735912
0.6159615842	399	0.4433333333	0.403030303	6.469577313
0.6159731532	400	0.4444444444	0.404040404	6.471172333
0.6159847381	401	0.4455555556	0.4050505051	6.464799404
0.6159963003	402	0.4466666667	0.4060606061	6.460567951
0.6160078743	403	0.4477777778	0.4070707071	6.457959175
0.6160194465	404	0.4488888889	0.4080808081	6.459911823
0.6160310281	405	0.45	0.4090909091	6.451202393
0.6160425978	406	0.4511111111	0.4101010101	6.450488091
0.6160541696	407	0.4522222222	0.4111111111	6.451310635
0.6160657449	408	0.4533333333	0.4121212121	6.452663899
0.6160773333	409	0.4544444444	0.4131313131	6.453649998
0.616088889	410	0.4555555556	0.4141414141	6.453734398
0.6161004594	411	0.4566666667	0.4151515152	6.44475174
0.6161120423	412	0.4577777778	0.4161616162	6.442164421
0.6161236117	413	0.4588888889	0.4171717172	6.432307243
0.6161351859	414	0.46	0.4181818182	6.428287983
0.6161467721	415	0.4611111111	0.4191919192	6.426774979
0.6161583383	416	0.4622222222	0.4202020202	6.431791306
0.6161699073	417	0.4633333333	0.4212121212	6.436178684
0.6161814837	418	0.4644444444	0.4222222222	6.432945252
0.6161930651	419	0.4655555556	0.4232323232	6.432231426
0.6162046348	420	0.4666666667	0.4242424242	6.427880764
0.6162162076	421	0.4677777778	0.4252525253	6.427298546
0.6162277744	422	0.4688888889	0.4262626263	6.429866791
0.6162393501	423	0.47	0.4272727273	6.426503182
0.6162509261	424	0.4711111111	0.4282828283	6.423069
0.616262506	425	0.4722222222	0.4292929293	6.422524929
0.6162740737	426	0.4733333333	0.4303030303	6.417717457
0.6162856531	427	0.4744444444	0.4313131313	6.406937599
0.6162972308	428	0.4755555556	0.4323232323	6.39969635
0.6163087958	429	0.4766666667	0.4333333333	6.403912067
0.6163203762	430	0.4777777778	0.4343434343	6.40895462
0.6163319418	431	0.4788888889	0.4353535354	6.404881954
0.6163435245	432	0.48	0.4363636364	6.399526119
0.6163550917	433	0.4811111111	0.4373737374	6.396017551
0.6163666778	434	0.4822222222	0.4383838384	6.395633698
0.6163782383	435	0.4833333333	0.4393939394	6.40031004
0.6163898194	436	0.4844444444	0.4404040404	6.397442818
0.6164013925	437	0.4855555556	0.4414141414	6.393672943
0.6164129691	438	0.4866666667	0.4424242424	6.391893864
0.6164245439	439	0.4877777778	0.4434343434	6.390040875
0.616436111	440	0.4888888889	0.4444444444	6.38741684
0.6164476851	441	0.49	0.4454545455	6.384694576
0.6164592654	442	0.4911111111	0.4464646465	6.378617764
0.6164708447	443	0.4922222222	0.4474747475	6.388494015
0.6164824192	444	0.4933333333	0.4484848485	6.389156818
0.6164939857	445	0.4944444444	0.4494949495	6.383376598
0.616505556	446	0.4955555556	0.4505050505	6.37371254
0.6165171285	447	0.4966666667	0.4515151515	6.376963615
0.6165287097	448	0.4977777778	0.4525252525	6.377631664
0.6165402831	449	0.4988888889	0.4535353535	6.378579617
0.6165518582	450	0.5	0.4545454545	6.374062061
0.6165634254	451	0.5011111111	0.4555555556	6.370467186
0.6165750051	452	0.5022222222	0.4565656566	6.366242886
0.6165865816	453	0.5033333333	0.4575757576	6.364967823
0.616598148	454	0.5044444444	0.4585858586	6.367116928
0.6166097221	455	0.5055555556	0.4595959596	6.36899662
0.6166213027	456	0.5066666667	0.4606060606	6.370353699
0.6166328909	457	0.5077777778	0.4616161616	6.368893147
0.6166444464	458	0.5088888889	0.4626262626	6.372436047
0.6166560261	459	0.51	0.4636363636	6.368435383
0.6166676045	460	0.5111111111	0.4646464646	6.362358093
0.6166791642	461	0.5122222222	0.4656565657	6.362586975
0.6166907426	462	0.5133333333	0.4666666667	6.369710445
0.6167023202	463	0.5144444444	0.4676767677	6.367704868
0.6167138898	464	0.5155555556	0.4686868687	6.363430977
0.6167254723	465	0.5166666667	0.4696969697	6.36189127
0.6167370436	466	0.5177777778	0.4707070707	6.362420082
0.6167486099	467	0.5188888889	0.4717171717	6.35747242
0.6167601904	468	0.52	0.4727272727	6.353205204
0.6167717587	469	0.5211111111	0.4737373737	6.353129864
0.6167833389	470	0.5222222222	0.4747474747	6.353544712
0.6167949148	471	0.5233333333	0.4757575758	6.352617264
0.6168065015	472	0.5244444444	0.4767676768	6.351675034
0.6168180626	473	0.5255555556	0.4777777778	6.354459286
0.6168296353	474	0.5266666667	0.4787878788	6.35747242
0.6168412046	475	0.5277777778	0.4797979798	6.35297823
0.6168527847	476	0.5288888889	0.4808080808	6.354881287
0.6168643605	477	0.53	0.4818181818	6.353901863
0.6168759335	478	0.5311111111	0.4828282828	6.348282337
0.6168875172	479	0.5322222222	0.4838383838	6.341254711
0.6168990805	480	0.5333333333	0.4848484848	6.336398602
0.6169106537	481	0.5344444444	0.4858585859	6.338939667
0.6169222286	482	0.5355555556	0.4868686869	6.337123871
0.6169337982	483	0.5366666667	0.4878787879	6.33825016
0.6169453763	484	0.5377777778	0.4888888889	6.338178158
0.6169569509	485	0.5388888889	0.4898989899	6.335220337
0.616968525	486	0.54	0.4909090909	6.336967468
0.6169800994	487	0.5411111111	0.4919191919	6.33100462
0.6169916674	488	0.5422222222	0.4929292929	6.327292442
0.6170032437	489	0.5433333333	0.4939393939	6.328488827
0.6170148211	490	0.5444444444	0.4949494949	6.325395107
0.617026391	491	0.5455555556	0.495959596	6.325453758
0.6170379712	492	0.5466666667	0.496969697	6.319615364
0.6170495359	493	0.5477777778	0.497979798	6.316183567
0.6170611104	494	0.5488888889	0.498989899	6.316708565
0.6170726899	495	0.55	0.5	6.312442303
0.6170842651	496	0.5511111111	0.501010101	6.309185028
0.6170958548	497	0.5522222222	0.502020202	6.306475639
0.617107415	498	0.5533333333	0.503030303	6.305242539
0.6171189972	499	0.5544444444	0.504040404	6.306747437
0.6171305632	500	0.5555555556	0.5050505051	6.304418087
0.6171421299	501	0.5566666667	0.5060606061	6.304635525
0.6171537057	502	0.5577777778	0.5070707071	6.305761814
0.617165284	503	0.5588888889	0.5080808081	6.307138443
0.6171768597	504	0.56	0.5090909091	6.306951523
0.617188429	505	0.5611111111	0.5101010101	6.30857563
0.6172000078	506	0.5622222222	0.5111111111	6.303606987
0.6172115814	507	0.5633333333	0.5121212121	6.298560143
0.6172231534	508	0.5644444444	0.5131313131	6.291221619
0.6172347234	509	0.5655555556	0.5141414141	6.290110588
0.617246308	510	0.5666666667	0.5151515152	6.291738033
0.6172578746	511	0.5677777778	0.5161616162	6.285252094
0.6172694511	512	0.5688888889	0.5171717172	6.285788059
0.6172810404	513	0.57	0.5181818182	6.288678169
0.6172926009	514	0.5711111111	0.5191919192	6.293426514
0.6173041668	515	0.5722222222	0.5202020202	6.295311928
0.6173157442	516	0.5733333333	0.5212121212	6.291255951
0.6173273169	517	0.5744444444	0.5222222222	6.290481091
0.6173388906	518	0.5755555556	0.5232323232	6.293744564
0.6173504622	519	0.5766666667	0.5242424242	6.286441326
0.6173620454	520	0.5777777778	0.5252525253	6.287672997
0.6173736124	521	0.5788888889	0.5262626263	6.285171509
0.617385201	522	0.58	0.5272727273	6.280671597
0.6173967679	523	0.5811111111	0.5282828283	6.276274681
0.6174083404	524	0.5822222222	0.5292929293	6.269878864
0.6174199197	525	0.5833333333	0.5303030303	6.27230835
0.6174314903	526	0.5844444444	0.5313131313	6.274898052
0.6174430597	527	0.5855555556	0.5323232323	6.280939579
0.6174546384	528	0.5866666667	0.5333333333	6.27404213
0.6174662173	529	0.5877777778	0.5343434343	6.273209572
0.6174777863	530	0.5888888889	0.5353535354	6.265670776
0.6174893568	531	0.59	0.5363636364	6.262415409
0.6175009272	532	0.5911111111	0.5373737374	6.264543057
0.6175125071	533	0.5922222222	0.5383838384	6.263944626
0.6175240822	534	0.5933333333	0.5393939394	6.257094383
0.6175356496	535	0.5944444444	0.5404040404	6.260923863
0.6175472311	536	0.5955555556	0.5414141414	6.259002209
0.6175588056	537	0.5966666667	0.5424242424	6.248595238
0.6175703727	538	0.5977777778	0.5434343434	6.2586689
0.6175819588	539	0.5988888889	0.5444444444	6.260511398
0.6175935269	540	0.6	0.5454545455	6.257894039
0.6176050942	541	0.6011111111	0.5464646465	6.260485649
0.617616678	542	0.6022222222	0.5474747475	6.251569748
0.6176282627	543	0.6033333333	0.5484848485	6.249972343
0.6176398222	544	0.6044444444	0.5494949495	6.238790035
0.6176514097	545	0.6055555556	0.5505050505	6.236951351
0.6176629679	546	0.6066666667	0.5515151515	6.240298748
0.6176745446	547	0.6077777778	0.5525252525	6.23783493
0.6176861196	548	0.6088888889	0.5535353535	6.23764801
0.6176977018	549	0.61	0.5545454545	6.238803864
0.6177092686	550	0.6111111111	0.5555555556	6.237527847
0.617720838	551	0.6122222222	0.5565656566	6.23528719
0.6177324135	552	0.6133333333	0.5575757576	6.233279228
0.6177439978	553	0.6144444444	0.5585858586	6.23159647
0.6177555655	554	0.6155555556	0.5595959596	6.230777741
0.617767141	555	0.6166666667	0.5606060606	6.232293606
0.617778707	556	0.6177777778	0.5616161616	6.227092743
0.6177902859	557	0.6188888889	0.5626262626	6.226072311
0.6178018619	558	0.62	0.5636363636	6.223777294
0.6178134277	559	0.6211111111	0.5646464646	6.221520424
0.6178250086	560	0.6222222222	0.5656565657	6.225188255
0.6178365756	561	0.6233333333	0.5666666667	6.222640991
0.6178481607	562	0.6244444444	0.5676767677	6.222553253
0.6178597251	563	0.6255555556	0.5686868687	6.221032143
0.6178713016	564	0.6266666667	0.5696969697	6.221737385
0.6178828801	565	0.6277777778	0.5707070707	6.219952583
0.6178944521	566	0.6288888889	0.5717171717	6.218858719
0.6179060401	567	0.63	0.5727272727	6.214887142
0.6179175987	568	0.6311111111	0.5737373737	6.212717056
0.6179291701	569	0.6322222222	0.5747474747	6.21963501
0.6179407511	570	0.6333333333	0.5757575758	6.217642307
0.6179523188	571	0.6344444444	0.5767676768	6.215946198
0.6179638966	572	0.6355555556	0.5777777778	6.209056377
0.6179754867	573	0.6366666667	0.5787878788	6.208274365
0.6179870454	574	0.6377777778	0.5797979798	6.204883099
0.6179986121	575	0.6388888889	0.5808080808	6.198022842
0.6180101897	576	0.64	0.5818181818	6.198210239
0.6180217763	577	0.6411111111	0.5828282828	6.197548389
0.618033342	578	0.6422222222	0.5838383838	6.197282314
0.6180449135	579	0.6433333333	0.5848484848	6.188428879
0.6180564835	580	0.6444444444	0.5858585859	6.187805653
0.61806807	581	0.6455555556	0.5868686869	6.191497326
0.6180796388	582	0.6466666667	0.5878787879	6.18883276
0.6180912058	583	0.6477777778	0.5888888889	6.190374374
0.6181027883	584	0.6488888889	0.5898989899	6.192873478
0.6181143582	585	0.65	0.5909090909	6.186089039
0.6181259365	586	0.6511111111	0.5919191919	6.187239647
0.6181375061	587	0.6522222222	0.5929292929	6.188580036
0.6181490853	588	0.6533333333	0.5939393939	6.187876225
0.6181606551	589	0.6544444444	0.5949494949	6.182722569
0.6181722375	590	0.6555555556	0.595959596	6.181450367
0.6181837985	591	0.6566666667	0.596969697	6.1794343
0.618195381	592	0.6577777778	0.597979798	6.179733753
0.6182069512	593	0.6588888889	0.598989899	6.183311462
0.618218529	594	0.66	0.6	6.187688828
0.6182301016	595	0.6611111111	0.601010101	6.186274052
0.618241677	596	0.6622222222	0.602020202	6.194761276
0.6182532467	597	0.6633333333	0.603030303	6.178868294
0.6182648166	598	0.6644444444	0.604040404	6.180601597
0.6182763922	599	0.6655555556	0.6050505051	6.18155241
0.6182879691	600	0.6666666667	0.6060606061	6.178884029
0.6182995482	601	0.6677777778	0.6070707071	6.173029423
0.6183111352	602	0.6688888889	0.6080808081	6.174397945
0.6183226964	603	0.67	0.6090909091	6.172135353
0.6183342673	604	0.6711111111	0.6101010101	6.161345959
0.6183458444	605	0.6722222222	0.6111111111	6.160848141
0.6183574209	606	0.6733333333	0.6121212121	6.160464764
0.6183689909	607	0.6744444444	0.6131313131	6.159646034
0.6183805796	608	0.6755555556	0.6141414141	6.161358357
0.6183921404	609	0.6766666667	0.6151515152	6.158602715
0.6184037111	610	0.6777777778	0.6161616162	6.155825138
0.6184152871	611	0.6788888889	0.6171717172	6.154623509
0.6184268599	612	0.68	0.6181818182	6.153131485
0.6184384332	613	0.6811111111	0.6191919192	6.147880077
0.6184500148	614	0.6822222222	0.6202020202	6.142829418
0.6184615842	615	0.6833333333	0.6212121212	6.142426968
0.618473161	616	0.6844444444	0.6222222222	6.143619061
0.6184847321	617	0.6855555556	0.6232323232	6.14875555
0.6184963059	618	0.6866666667	0.6242424242	6.145120144
0.6185078814	619	0.6877777778	0.6252525253	6.141061783
0.6185194569	620	0.6888888889	0.6262626263	6.140636444
0.6185310301	621	0.69	0.6272727273	6.142875195
0.6185426164	622	0.6911111111	0.6282828283	6.149918079
0.6185541774	623	0.6922222222	0.6292929293	6.151516438
0.6185657516	624	0.6933333333	0.6303030303	6.14806509
0.6185773377	625	0.6944444444	0.6313131313	6.148387909
0.6185888966	626	0.6955555556	0.6323232323	6.151951313
0.618600471	627	0.6966666667	0.6333333333	6.145701885
0.6186120592	628	0.6977777778	0.6343434343	6.139990807
0.6186236212	629	0.6988888889	0.6353535354	6.138723373
0.6186351881	630	0.7	0.6363636364	6.133640289
0.618646771	631	0.7011111111	0.6373737374	6.127375603
0.6186583559	632	0.7022222222	0.6383838384	6.126375198
0.6186699189	633	0.7033333333	0.6393939394	6.124315739
0.6186814883	634	0.7044444444	0.6404040404	6.121740341
0.618693067	635	0.7055555556	0.6414141414	6.1224823
0.6187046397	636	0.7066666667	0.6424242424	6.122839451
0.618716216	637	0.7077777778	0.6434343434	6.128280163
0.6187277879	638	0.7088888889	0.6444444444	6.121050358
0.6187393636	639	0.71	0.6454545455	6.111875057
0.6187509395	640	0.7111111111	0.6464646465	6.111756325
0.6187625074	641	0.7122222222	0.6474747475	6.108816624
0.6187740823	642	0.7133333333	0.6484848485	6.104701519
0.6187856602	643	0.7144444444	0.6494949495	6.10121727
0.6187972487	644	0.7155555556	0.6505050505	6.103817463
0.6188088089	645	0.7166666667	0.6515151515	6.103612423
0.6188203829	646	0.7177777778	0.6525252525	6.095260143
0.6188319502	647	0.7188888889	0.6535353535	6.096626759
0.6188435359	648	0.72	0.6545454545	6.102491856
0.6188550991	649	0.7211111111	0.6555555556	6.096004009
0.6188666928	650	0.7222222222	0.6565656566	6.095216274
0.6188782528	651	0.7233333333	0.6575757576	6.089105606
0.6188898278	652	0.7244444444	0.6585858586	6.09178257
0.6189013927	653	0.7255555556	0.6595959596	6.088984966
0.6189129704	654	0.7266666667	0.6606060606	6.087855816
0.61892455	655	0.7277777778	0.6616161616	6.087856293
0.6189361232	656	0.7288888889	0.6626262626	6.088936806
0.6189476941	657	0.73	0.6636363636	6.093698025
0.6189592663	658	0.7311111111	0.6646464646	6.096946716
0.6189708431	659	0.7322222222	0.6656565657	6.08744812
0.6189824172	660	0.7333333333	0.6666666667	6.080002308
0.6189939933	661	0.7344444444	0.6676767677	6.075027943
0.6190055729	662	0.7355555556	0.6686868687	6.073287964
0.6190171407	663	0.7366666667	0.6696969697	6.077825546
0.6190287151	664	0.7377777778	0.6707070707	6.078608513
0.6190402865	665	0.7388888889	0.6717171717	6.074391842
0.6190518669	666	0.74	0.6727272727	6.069741726
0.6190634336	667	0.7411111111	0.6737373737	6.064225197
0.6190750061	668	0.7422222222	0.6747474747	6.062508583
0.6190865874	669	0.7433333333	0.6757575758	6.068443775
0.6190981595	670	0.7444444444	0.6767676768	6.065370083
0.6191097338	671	0.7455555556	0.6777777778	6.059547901
0.6191213047	672	0.7466666667	0.6787878788	6.061901569
0.6191328836	673	0.7477777778	0.6797979798	6.059298039
0.619144452	674	0.7488888889	0.6808080808	6.056650639
0.6191560303	675	0.75	0.6818181818	6.06148243
0.6191676041	676	0.7511111111	0.6828282828	6.063356876
0.6191791791	677	0.7522222222	0.6838383838	6.060539246
0.619190748	678	0.7533333333	0.6848484848	6.053318501
0.6192023285	679	0.7544444444	0.6858585859	6.053178787
0.619213912	680	0.7555555556	0.6868686869	6.051274777
0.6192254688	681	0.7566666667	0.6878787879	6.051710129
0.6192370558	682	0.7577777778	0.6888888889	6.051682949
0.6192486244	683	0.7588888889	0.6898989899	6.05203867
0.6192601916	684	0.76	0.6909090909	6.045171738
0.6192717724	685	0.7611111111	0.6919191919	6.035840035
0.619283355	686	0.7622222222	0.6929292929	6.035095692
0.6192949191	687	0.7633333333	0.6939393939	6.034230709
0.6193064999	688	0.7644444444	0.6949494949	6.036639214
0.6193180689	689	0.7655555556	0.695959596	6.041350842
0.6193296398	690	0.7666666667	0.696969697	6.045306206
0.6193412165	691	0.7677777778	0.697979798	6.048087597
0.619352792	692	0.7688888889	0.698989899	6.047450066
0.6193643603	693	0.77	0.7	6.043875694
0.6193759388	694	0.7711111111	0.701010101	6.041432858
0.6193875127	695	0.7722222222	0.702020202	6.036637306
0.6193991013	696	0.7733333333	0.703030303	6.040518284
0.6194106603	697	0.7744444444	0.704040404	6.033540249
0.6194222373	698	0.7755555556	0.7050505051	6.025215626
0.6194338085	699	0.7766666667	0.7060606061	6.022902966
0.6194453879	700	0.7777777778	0.7070707071	6.020915031
0.6194569566	701	0.7788888889	0.7080808081	6.021529675
0.6194685234	702	0.78	0.7090909091	6.02123642
0.6194801051	703	0.7811111111	0.7101010101	6.016308308
0.6194916856	704	0.7822222222	0.7111111111	6.011260033
0.6195032547	705	0.7833333333	0.7121212121	6.010244846
0.6195148282	706	0.7844444444	0.7131313131	6.009895802
0.6195264015	707	0.7855555556	0.7141414141	6.008477688
0.6195379773	708	0.7866666667	0.7151515152	6.007146359
0.6195495505	709	0.7877777778	0.7161616162	6.003983498
0.619561126	710	0.7888888889	0.7171717172	6.000567913
0.6195726901	711	0.79	0.7181818182	5.99980402
0.6195842719	712	0.7911111111	0.7191919192	6.001604557
0.6195958473	713	0.7922222222	0.7202020202	6.00459671
0.6196074156	714	0.7933333333	0.7212121212	6.001809597
0.6196189961	715	0.7944444444	0.7222222222	6.002080917
0.6196305682	716	0.7955555556	0.7232323232	5.997758865
0.619642143	717	0.7966666667	0.7242424242	5.99373436
0.6196537103	718	0.7977777778	0.7252525253	5.995601654
0.619665291	719	0.7988888889	0.7262626263	5.998834133
0.6196768784	720	0.8	0.7272727273	5.997202396
0.6196884367	721	0.8011111111	0.7282828283	5.99321413
0.6197000066	722	0.8022222222	0.7292929293	5.987218857
0.6197115864	723	0.8033333333	0.7303030303	5.988431454
0.6197231533	724	0.8044444444	0.7313131313	5.98593998
0.6197347385	725	0.8055555556	0.7323232323	5.984080792
0.6197463269	726	0.8066666667	0.7333333333	5.986312866
0.6197578847	727	0.8077777778	0.7343434343	5.988363743
0.6197694566	728	0.8088888889	0.7353535354	5.982674122
0.6197810327	729	0.81	0.7363636364	5.979302406
0.6197926107	730	0.8111111111	0.7373737374	5.978061676
0.6198041799	731	0.8122222222	0.7383838384	5.977190018
0.619815759	732	0.8133333333	0.7393939394	5.978656769
0.61982733	733	0.8144444444	0.7404040404	5.978769302
0.6198389173	734	0.8155555556	0.7414141414	5.975665093
0.6198504776	735	0.8166666667	0.7424242424	5.974460125
0.6198620493	736	0.8177777778	0.7434343434	5.974312782
0.6198736255	737	0.8188888889	0.7444444444	5.969052315
0.6198851962	738	0.82	0.7454545455	5.967643261
0.6198967701	739	0.8211111111	0.7464646465	5.964512348
0.6199083503	740	0.8222222222	0.7474747475	5.962916374
0.6199199204	741	0.8233333333	0.7484848485	5.963544369
0.6199314896	742	0.8244444444	0.7494949495	5.960821629
0.6199430677	743	0.8255555556	0.7505050505	5.959074497
0.6199546541	744	0.8266666667	0.7515151515	5.956184387
0.6199662188	745	0.8277777778	0.7525252525	5.956685543
0.6199777864	746	0.8288888889	0.7535353535	5.958217144
0.619989367	747	0.83	0.7545454545	5.959958077
0.6200009404	748	0.8311111111	0.7555555556	5.957897663
0.620012515	749	0.8322222222	0.7565656566	5.957305908
0.6200240815	750	0.8333333333	0.7575757576	5.951333046
0.6200356634	751	0.8344444444	0.7585858586	5.949279308
0.6200472495	752	0.8355555556	0.7595959596	5.948976994
0.6200588041	753	0.8366666667	0.7606060606	5.944179535
0.6200703777	754	0.8377777778	0.7616161616	5.945240021
0.6200819622	755	0.8388888889	0.7626262626	5.947668076
0.6200935319	756	0.84	0.7636363636	5.946131706
0.6201051082	757	0.8411111111	0.7646464646	5.940426827
0.6201166828	758	0.8422222222	0.7656565657	5.938318729
0.6201282551	759	0.8433333333	0.7666666667	5.938658714
0.6201398292	760	0.8444444444	0.7676767677	5.933763504
0.6201514044	761	0.8455555556	0.7686868687	5.927530766
0.6201629729	762	0.8466666667	0.7696969697	5.928425312
0.6201745479	763	0.8477777778	0.7707070707	5.932352543
0.6201861319	764	0.8488888889	0.7717171717	5.932012558
0.6201977007	765	0.85	0.7727272727	5.930242539
0.6202092672	766	0.8511111111	0.7737373737	5.93107748
0.6202208484	767	0.8522222222	0.7747474747	5.932607174
0.6202324244	768	0.8533333333	0.7757575758	5.924787998
0.6202439972	769	0.8544444444	0.7767676768	5.925714493
0.6202555711	770	0.8555555556	0.7777777778	5.924098969
0.6202671481	771	0.8566666667	0.7787878788	5.925206661
0.6202787161	772	0.8577777778	0.7797979798	5.925293922
0.6202902941	773	0.8588888889	0.7808080808	5.924601078
0.6203018807	774	0.86	0.7818181818	5.926114082
0.6203134414	775	0.8611111111	0.7828282828	5.919739723
0.6203250174	776	0.8622222222	0.7838383838	5.91999054
0.6203365808	777	0.8633333333	0.7848484848	5.916861534
0.6203481632	778	0.8644444444	0.7858585859	5.922561169
0.6203597341	779	0.8655555556	0.7868686869	5.919756889
0.6203713112	780	0.8666666667	0.7878787879	5.908231258
0.6203828832	781	0.8677777778	0.7888888889	5.901533604
0.6203944555	782	0.8688888889	0.7898989899	5.891815662
0.6204060344	783	0.87	0.7909090909	5.893306732
0.6204176004	784	0.8711111111	0.7919191919	5.897252083
0.6204291787	785	0.8722222222	0.7929292929	5.899001122
0.6204407521	786	0.8733333333	0.7939393939	5.901184559
0.620452329	787	0.8744444444	0.7949494949	5.899732113
0.6204638986	788	0.8755555556	0.795959596	5.89073801
0.620475479	789	0.8766666667	0.796969697	5.886676788
0.6204870534	790	0.8777777778	0.797979798	5.893017769
0.6204986303	791	0.8788888889	0.798989899	5.887777329
0.6205102017	792	0.88	0.8	5.884156704
0.6205217796	793	0.8811111111	0.801010101	5.877837658
0.6205333525	794	0.8822222222	0.802020202	5.879241943
0.6205449225	795	0.8833333333	0.803030303	5.883298397
0.6205564891	796	0.8844444444	0.804040404	5.881968498
0.6205680716	797	0.8855555556	0.8050505051	5.874965191
0.6205796462	798	0.8866666667	0.8060606061	5.869389534
0.6205912163	799	0.8877777778	0.8070707071	5.865624428
0.6206027874	800	0.8888888889	0.8080808081	5.870960236
0.6206143635	801	0.89	0.8090909091	5.868432045
0.6206259357	802	0.8911111111	0.8101010101	5.863890648
0.6206375239	803	0.8922222222	0.8111111111	5.862929821
0.6206490828	804	0.8933333333	0.8121212121	5.861904621
0.6206606563	805	0.8944444444	0.8131313131	5.860255241
0.6206722308	806	0.8955555556	0.8141414141	5.863471508
0.6206838126	807	0.8966666667	0.8151515152	5.865615368
0.6206953861	808	0.8977777778	0.8161616162	5.85976696
0.6207069532	809	0.8988888889	0.8171717172	5.860440254
0.6207185365	810	0.9	0.8181818182	5.865802765
0.6207301064	811	0.9011111111	0.8191919192	5.863432884
0.6207416865	812	0.9022222222	0.8202020202	5.86065197
0.6207532537	813	0.9033333333	0.8212121212	5.85658598
0.6207648295	814	0.9044444444	0.8222222222	5.84939909
0.620776406	815	0.9055555556	0.8232323232	5.85181284
0.6207879736	816	0.9066666667	0.8242424242	5.852925777
0.6207995558	817	0.9077777778	0.8252525253	5.850163937
0.6208111266	818	0.9088888889	0.8262626263	5.84810257
0.6208227021	819	0.91	0.8272727273	5.843511105
0.6208342704	820	0.9111111111	0.8282828283	5.84747982
0.6208458521	821	0.9122222222	0.8292929293	5.849692822
0.6208574154	822	0.9133333333	0.8303030303	5.844517231
0.6208689968	823	0.9144444444	0.8313131313	5.843245506
0.6208805648	824	0.9155555556	0.8323232323	5.839148521
0.6208921452	825	0.9166666667	0.8333333333	5.832111359
0.6209037185	826	0.9177777778	0.8343434343	5.828097343
0.6209152948	827	0.9188888889	0.8353535354	5.831873417
0.6209268617	828	0.92	0.8363636364	5.825514317
0.6209384415	829	0.9211111111	0.8373737374	5.826331615
0.620950009	830	0.9222222222	0.8383838384	5.826086521
0.6209615898	831	0.9233333333	0.8393939394	5.826102734
0.6209731603	832	0.9244444444	0.8404040404	5.829435825
0.620984731	833	0.9255555556	0.8414141414	5.828140259
0.6209963047	834	0.9266666667	0.8424242424	5.833458901
0.6210078875	835	0.9277777778	0.8434343434	5.82437706
0.6210194588	836	0.9288888889	0.8444444444	5.819187641
0.6210310341	837	0.93	0.8454545455	5.815078735
0.6210426118	838	0.9311111111	0.8464646465	5.813429833
0.6210541772	839	0.9322222222	0.8474747475	5.812283993
0.621065758	840	0.9333333333	0.8484848485	5.814534664
0.6210773323	841	0.9344444444	0.8494949495	5.813928127
0.6210889092	842	0.9355555556	0.8505050505	5.813429833
0.6211004789	843	0.9366666667	0.8515151515	5.807284832
0.6211120577	844	0.9377777778	0.8525252525	5.802992344
0.6211236287	845	0.9388888889	0.8535353535	5.801797867
0.6211351999	846	0.94	0.8545454545	5.797625542
0.6211467836	847	0.9411111111	0.8555555556	5.791297913
0.6211583443	848	0.9422222222	0.8565656566	5.784511089
0.6211699251	849	0.9433333333	0.8575757576	5.783359051
0.621181491	850	0.9444444444	0.8585858586	5.785437107
0.621193073	851	0.9455555556	0.8595959596	5.784629345
0.6212046604	852	0.9466666667	0.8606060606	5.788645744
0.6212162214	853	0.9477777778	0.8616161616	5.782121182
0.6212277946	854	0.9488888889	0.8626262626	5.786581516
0.6212393629	855	0.95	0.8636363636	5.778199196
0.621250942	856	0.9511111111	0.8646464646	5.766633034
0.6212625178	857	0.9522222222	0.8656565657	5.771986961
0.6212740911	858	0.9533333333	0.8666666667	5.772443295
0.6212856653	859	0.9544444444	0.8676767677	5.773313046
0.6212972371	860	0.9555555556	0.8686868687	5.771870613
0.6213088114	861	0.9566666667	0.8696969697	5.774795055
0.6213204005	862	0.9577777778	0.8707070707	5.771528721
0.6213319582	863	0.9588888889	0.8717171717	5.76995182
0.6213435387	864	0.96	0.8727272727	5.770797253
0.6213551097	865	0.9611111111	0.8737373737	5.776533127
0.6213666798	866	0.9622222222	0.8747474747	5.774997234
0.621378259	867	0.9633333333	0.8757575758	5.762502194
0.6213898276	868	0.9644444444	0.8767676768	5.756233215
0.6214013993	869	0.9655555556	0.8777777778	5.755728245
0.6214129796	870	0.9666666667	0.8787878788	5.751571655
0.621424555	871	0.9677777778	0.8797979798	5.75248003
0.6214361216	872	0.9688888889	0.8808080808	5.752917767
0.6214476989	873	0.97	0.8818181818	5.748308182
0.6214592736	874	0.9711111111	0.8828282828	5.747440815
0.6214708461	875	0.9722222222	0.8838383838	5.744299412
0.6214824197	876	0.9733333333	0.8848484848	5.749402523
0.6214939978	877	0.9744444444	0.8858585859	5.751169205
0.6215055693	878	0.9755555556	0.8868686869	5.74685812
0.6215171468	879	0.9766666667	0.8878787879	5.742834568
0.6215287283	880	0.9777777778	0.8888888889	5.742817402
0.6215402963	881	0.9788888889	0.8898989899	5.741555691
0.6215518666	882	0.98	0.8909090909	5.735782623
0.6215634426	883	0.9811111111	0.8919191919	5.733026028
0.6215750143	884	0.9822222222	0.8929292929	5.72936964
0.6215866011	885	0.9833333333	0.8939393939	5.727722645
0.621598176	886	0.9844444444	0.8949494949	5.728775024
0.6216097332	887	0.9855555556	0.895959596	5.726929188
0.6216213105	888	0.9866666667	0.896969697	5.720889568
0.6216328848	889	0.9877777778	0.897979798	5.712798119
0.6216444593	890	0.9888888889	0.898989899	5.70977211
0.6216560373	891	0.99	0.9	5.708868504
0.6216676178	892	0.9911111111	0.901010101	5.709670067
0.6216791794	893	0.9922222222	0.902020202	5.708295822
0.6216907642	894	0.9933333333	0.903030303	5.706848145
0.6217023273	895	0.9944444444	0.904040404	5.707555771
0.621713916	896	0.9955555556	0.9050505051	5.708425522
0.621725491	897	0.9966666667	0.9060606061	5.713443756
0.6217370665	898	0.9977777778	0.9070707071	5.715143681
0.6217486409	899	0.9988888889	0.9080808081	5.711760998
0.6217601985	900	1	0.9090909091	5.708245277
0.6217717769	901	1.001111111	0.9101010101	5.702382088
0.62178335	902	1.002222222	0.9111111111	5.701849461
0.6217949247	903	1.003333333	0.9121212121	5.702310085
0.6218064958	904	1.004444444	0.9131313131	5.699593067
0.6218180745	905	1.005555556	0.9141414141	5.695119381
0.6218296444	906	1.006666667	0.9151515152	5.69038868
0.621841217	907	1.007777778	0.9161616162	5.6868186
0.6218527998	908	1.008888889	0.9171717172	5.686229229
0.6218643704	909	1.01	0.9181818182	5.687996864
0.6218759407	910	1.011111111	0.9191919192	5.687205792
0.6218875186	911	1.012222222	0.9202020202	5.681550026
0.6218991016	912	1.013333333	0.9212121212	5.681758404
0.6219106663	913	1.014444444	0.9222222222	5.677443028
0.6219222379	914	1.015555556	0.9232323232	5.673841
0.6219338118	915	1.016666667	0.9242424242	5.674379826
0.6219453878	916	1.017777778	0.9252525253	5.67111063
0.6219569646	917	1.018888889	0.9262626263	5.66906023
0.6219685329	918	1.02	0.9272727273	5.667512417
0.6219801101	919	1.021111111	0.9282828283	5.666850567
0.6219916847	920	1.022222222	0.9292929293	5.664623737
0.6220032563	921	1.023333333	0.9303030303	5.665674686
0.6220148282	922	1.024444444	0.9313131313	5.667495251
0.6220264039	923	1.025555556	0.9323232323	5.666170597
0.6220379825	924	1.026666667	0.9333333333	5.663127422
0.622049553	925	1.027777778	0.9343434343	5.658877373
0.6220611331	926	1.028888889	0.9353535354	5.657917023
0.6220726994	927	1.03	0.9363636364	5.655292511
0.6220842854	928	1.031111111	0.9373737374	5.648763657
0.6220958635	929	1.032222222	0.9383838384	5.641012192
0.6221074254	930	1.033333333	0.9393939394	5.641321659
0.622118994	931	1.034444444	0.9404040404	5.640575886
0.6221305708	932	1.035555556	0.9414141414	5.639305115
0.6221421447	933	1.036666667	0.9424242424	5.62443924
0.622153722	934	1.037777778	0.9434343434	5.627345562
0.6221653028	935	1.038888889	0.9444444444	5.626716614
0.6221768706	936	1.04	0.9454545455	5.626547337
0.6221884382	937	1.041111111	0.9464646465	5.622672081
0.622200017	938	1.042222222	0.9474747475	5.620427132
0.6222116025	939	1.043333333	0.9484848485	5.623130322
0.6222231681	940	1.044444444	0.9494949495	5.621022224
0.622234739	941	1.045555556	0.9505050505	5.619511128
0.6222463158	942	1.046666667	0.9515151515	5.615650654
0.62225789	943	1.047777778	0.9525252525	5.615175247
0.6222694632	944	1.048888889	0.9535353535	5.615113735
0.6222810308	945	1.05	0.9545454545	5.616124153
0.6222926118	946	1.051111111	0.9555555556	5.612519741
0.622304178	947	1.052222222	0.9565656566	5.612084389
0.6223157526	948	1.053333333	0.9575757576	5.609548092
0.6223273412	949	1.054444444	0.9585858586	5.605570793
0.6223389086	950	1.055555556	0.9595959596	5.60329771
0.6223504782	951	1.056666667	0.9606060606	5.598480225
0.622362049	952	1.057777778	0.9616161616	5.593417645
0.622373629	953	1.058888889	0.9626262626	5.589319706
0.6223852042	954	1.06	0.9636363636	5.583489418
0.6223967784	955	1.061111111	0.9646464646	5.5814538
0.6224083534	956	1.062222222	0.9656565657	5.583390236
0.6224199201	957	1.063333333	0.9666666667	5.582847118
0.6224315033	958	1.064444444	0.9676767677	5.579528332
0.6224430779	959	1.065555556	0.9686868687	5.575006485
0.6224546454	960	1.066666667	0.9696969697	5.569045067
0.6224662251	961	1.067777778	0.9707070707	5.568083286
0.6224777987	962	1.068888889	0.9717171717	5.5674963
0.6224893848	963	1.07	0.9727272727	5.569447994
0.6225009467	964	1.071111111	0.9737373737	5.568439484
0.6225125328	965	1.072222222	0.9747474747	5.566949844
0.6225240861	966	1.073333333	0.9757575758	5.566112042
0.6225356623	967	1.074444444	0.9767676768	5.566167355
0.6225472427	968	1.075555556	0.9777777778	5.567510605
0.6225588173	969	1.076666667	0.9787878788	5.561186791
0.6225703914	970	1.077777778	0.9797979798	5.553724289
0.6225819609	971	1.078888889	0.9808080808	5.54534483
0.6225935375	972	1.08	0.9818181818	5.543151379
0.6226051187	973	1.081111111	0.9828282828	5.542800427
0.6226166857	974	1.082222222	0.9838383838	5.543073177
0.6226282527	975	1.083333333	0.9848484848	5.540548325
0.6226398339	976	1.084444444	0.9858585859	5.537889957
0.6226514211	977	1.085555556	0.9868686869	5.532493115
0.622662988	978	1.086666667	0.9878787879	5.52994442
0.6226745703	979	1.087777778	0.9888888889	5.527869701
0.6226861328	980	1.088888889	0.9898989899	5.527722359
0.6226977076	981	1.09	0.9909090909	5.51875782
0.6227092805	982	1.091111111	0.9919191919	5.518195629
0.6227208507	983	1.092222222	0.9929292929	5.517117024
0.6227324285	984	1.093333333	0.9939393939	5.520287991
0.6227440086	985	1.094444444	0.9949494949	5.517517567
0.6227555744	986	1.095555556	0.995959596	5.509380817
0.6227671449	987	1.096666667	0.996969697	5.506564617
0.622778725	988	1.097777778	0.997979798	5.502317429
0.622790301	989	1.098888889	0.998989899	5.502218247
0.6228018726	990	1.1	1	5.498535633
0.6228134599	991	1.101111111	1.001010101	5.498882294
0.6228250206	992	1.102222222	1.002020202	5.491348267
0.6228365891	993	1.103333333	1.003030303	5.491163254
0.6228481698	994	1.104444444	1.004040404	5.488024235
0.6228597408	995	1.105555556	1.005050505	5.474516869
0.6228713175	996	1.106666667	1.006060606	5.472580433
0.6228828833	997	1.107777778	1.007070707	5.473238945
0.622894465	998	1.108888889	1.008080808	5.477604866
0.6229060311	999	1.11	1.009090909	5.471907616
0.6229176201	1000	1.111111111	1.01010101	5.46969223
0.6229291809	1001	1.112222222	1.011111111	5.469090462
0.6229407577	1002	1.113333333	1.012121212	5.472556114
0.6229523392	1003	1.114444444	1.013131313	5.471928597
0.6229639095	1004	1.115555556	1.014141414	5.467598438
0.6229754811	1005	1.116666667	1.015151515	5.463861942
0.6229870632	1006	1.117777778	1.016161616	5.453331947
0.6229986251	1007	1.118888889	1.017171717	5.450261593
0.6230102062	1008	1.12	1.018181818	5.448477745
0.6230217723	1009	1.121111111	1.019191919	5.445654869
0.6230333569	1010	1.122222222	1.02020202	5.448197365
0.6230449427	1011	1.123333333	1.021212121	5.44092083
0.6230565144	1012	1.124444444	1.022222222	5.434271812
0.6230680834	1013	1.125555556	1.023232323	5.43494463
0.6230796497	1014	1.126666667	1.024242424	5.428463936
0.6230912268	1015	1.127777778	1.025252525	5.430637837
0.6231028056	1016	1.128888889	1.026262626	5.427162647
0.6231143829	1017	1.13	1.027272727	5.423651695
0.6231259482	1018	1.131111111	1.028282828	5.417641163
0.6231375181	1019	1.132222222	1.029292929	5.41755724
0.6231490962	1020	1.133333333	1.03030303	5.413129807
0.6231606739	1021	1.134444444	1.031313131	5.411540031
0.6231722407	1022	1.135555556	1.032323232	5.405740738
0.6231838157	1023	1.136666667	1.033333333	5.401246548
0.6231953929	1024	1.137777778	1.034343434	5.405020237
0.6232069665	1025	1.138888889	1.035353535	5.406936169
0.6232185415	1026	1.14	1.036363636	5.404024124
0.6232301084	1027	1.141111111	1.037373737	5.387882233
0.6232416918	1028	1.142222222	1.038383838	5.377397537
0.6232532564	1029	1.143333333	1.039393939	5.372969151
0.6232648363	1030	1.144444444	1.04040404	5.372229576
0.6232764035	1031	1.145555556	1.041414141	5.371429443
0.6232879858	1032	1.146666667	1.042424242	5.370767593
0.6232995557	1033	1.147777778	1.043434343	5.370326042
0.6233111338	1034	1.148888889	1.044444444	5.368473053
0.6233226986	1035	1.15	1.045454545	5.365478993
0.6233342738	1036	1.151111111	1.046464646	5.362569332
0.623345848	1037	1.152222222	1.047474747	5.36266613
0.6233574275	1038	1.153333333	1.048484848	5.352358341
0.6233690013	1039	1.154444444	1.049494949	5.348748207
0.6233805765	1040	1.155555556	1.050505051	5.34719038
0.6233921454	1041	1.156666667	1.051515152	5.344297409
0.6234037293	1042	1.157777778	1.052525253	5.339048386
0.6234152947	1043	1.158888889	1.053535354	5.333919048
0.6234268742	1044	1.16	1.054545455	5.332385063
0.6234384476	1045	1.161111111	1.055555556	5.327926159
0.6234500162	1046	1.162222222	1.056565657	5.330190182
0.6234615964	1047	1.163333333	1.057575758	5.329988003
0.6234731705	1048	1.164444444	1.058585859	5.322658539
0.6234847381	1049	1.165555556	1.05959596	5.317115784
0.623496329	1050	1.166666667	1.060606061	5.316203117
0.6235079059	1051	1.167777778	1.061616162	5.315989494
0.623519467	1052	1.168888889	1.062626263	5.315134525
0.6235310408	1053	1.17	1.063636364	5.312424183
0.6235426159	1054	1.171111111	1.064646465	5.309742928
0.6235541813	1055	1.172222222	1.065656566	5.306717873
0.623565762	1056	1.173333333	1.066666667	5.306032181
0.6235773305	1057	1.174444444	1.067676768	5.304749012
0.6235889118	1058	1.175555556	1.068686869	5.302195549
0.6236004776	1059	1.176666667	1.06969697	5.295356751
0.6236120573	1060	1.177777778	1.070707071	5.288053036
0.6236236321	1061	1.178888889	1.071717172	5.283288479
0.6236352064	1062	1.18	1.072727273	5.280997753
0.6236467814	1063	1.181111111	1.073737374	5.273518562
0.6236583569	1064	1.182222222	1.074747475	5.271886826
0.6236699311	1065	1.183333333	1.075757576	5.269880772
0.6236815056	1066	1.184444444	1.076767677	5.262388229
0.6236930762	1067	1.185555556	1.077777778	5.253040791
0.6237046516	1068	1.186666667	1.078787879	5.252661228
0.6237162285	1069	1.187777778	1.07979798	5.251897335
0.623727793	1070	1.188888889	1.080808081	5.247368813
0.6237393842	1071	1.19	1.081818182	5.242431641
0.6237509494	1072	1.191111111	1.082828283	5.242925167
0.623762516	1073	1.192222222	1.083838384	5.239238739
0.6237740983	1074	1.193333333	1.084848485	5.236393929
0.6237856707	1075	1.194444444	1.085858586	5.229880333
0.6237972457	1076	1.195555556	1.086868687	5.225594521
0.6238088327	1077	1.196666667	1.087878788	5.220006943
0.623820393	1078	1.197777778	1.088888889	5.210085869
0.6238319711	1079	1.198888889	1.08989899	5.208244324
0.6238435411	1080	1.2	1.090909091	5.207325459
0.6238551166	1081	1.201111111	1.091919192	5.207145691
0.6238666899	1082	1.202222222	1.092929293	5.200491905
0.6238782779	1083	1.203333333	1.093939394	5.193846703
0.6238898388	1084	1.204444444	1.094949495	5.187160492
0.6239014178	1085	1.205555556	1.095959596	5.17467165
0.6239129862	1086	1.206666667	1.096969697	5.170096874
0.6239245735	1087	1.207777778	1.097979798	5.16831398
0.6239361272	1088	1.208888889	1.098989899	5.165699959
0.6239477081	1089	1.21	1.1	5.167514801
0.6239592874	1090	1.211111111	1.101010101	5.164625168
0.6239708585	1091	1.212222222	1.102020202	5.155797482
0.6239824308	1092	1.213333333	1.103030303	5.148194313
0.6239940003	1093	1.214444444	1.104040404	5.140501976
0.6240055797	1094	1.215555556	1.105050505	5.134061813
0.6240171506	1095	1.216666667	1.106060606	5.128349781
0.6240287247	1096	1.217777778	1.107070707	5.127726555
0.624040296	1097	1.218888889	1.108080808	5.121448994
0.624051871	1098	1.22	1.109090909	5.116026878
0.6240634446	1099	1.221111111	1.11010101	5.112646103
0.6240750242	1100	1.222222222	1.111111111	5.111522198
0.6240865895	1101	1.223333333	1.112121212	5.109646797
0.6240981709	1102	1.224444444	1.113131313	5.100846767
0.6241097548	1103	1.225555556	1.114141414	5.10249567
0.6241213211	1104	1.226666667	1.115151515	5.101520062
0.6241328893	1105	1.227777778	1.116161616	5.096840382
0.6241444685	1106	1.228888889	1.117171717	5.090369701
0.6241560388	1107	1.23	1.118181818	5.078442574
0.624167617	1108	1.231111111	1.119191919	5.072696686
0.6241791851	1109	1.232222222	1.12020202	5.068478108
0.6241907648	1110	1.233333333	1.121212121	5.06603384
0.6242023333	1111	1.234444444	1.122222222	5.059183121
0.6242139132	1112	1.235555556	1.123232323	5.050598145
0.6242254825	1113	1.236666667	1.124242424	5.044273853
0.6242370616	1114	1.237777778	1.125252525	5.032376289
0.6242486449	1115	1.238888889	1.126262626	5.023435593
0.6242602186	1116	1.24	1.127272727	5.019018173
0.6242717933	1117	1.241111111	1.128282828	5.018080235
0.6242833569	1118	1.242222222	1.129292929	5.010660648
0.6242949231	1119	1.243333333	1.13030303	5.008556366
0.6243065061	1120	1.244444444	1.131313131	5.005008221
0.6243180713	1121	1.245555556	1.132323232	5.000787258
0.6243296509	1122	1.246666667	1.133333333	4.993380547
0.6243412418	1123	1.247777778	1.134343434	4.989607811
0.6243528035	1124	1.248888889	1.135353535	4.980042458
0.624364391	1125	1.25	1.136363636	4.974274635
0.6243759497	1126	1.251111111	1.137373737	4.969599247
0.6243875206	1127	1.252222222	1.138383838	4.955451489
0.624399098	1128	1.253333333	1.139393939	4.943269253
0.6244106737	1129	1.254444444	1.14040404	4.933239937
0.6244222471	1130	1.255555556	1.141414141	4.927106381
0.624433819	1131	1.256666667	1.142424242	4.927379131
0.6244453942	1132	1.257777778	1.143434343	4.920763016
0.6244569611	1133	1.258888889	1.144444444	4.915879726
0.6244685402	1134	1.26	1.145454545	4.909459591
0.6244801304	1135	1.261111111	1.146464646	4.90090847
0.6244916916	1136	1.262222222	1.147474747	4.901081085
0.624503258	1137	1.263333333	1.148484848	4.897296429
0.6245148404	1138	1.264444444	1.149494949	4.892562389
0.6245264234	1139	1.265555556	1.150505051	4.885133743
0.6245379862	1140	1.266666667	1.151515152	4.875482559
0.6245495622	1141	1.267777778	1.152525253	4.865987778
0.6245611366	1142	1.268888889	1.153535354	4.859992027
0.6245727137	1143	1.27	1.154545455	4.853719711
0.6245842902	1144	1.271111111	1.155555556	4.837996483
0.6245958612	1145	1.272222222	1.156565657	4.827848434
0.6246074317	1146	1.273333333	1.157575758	4.828525543
0.6246190063	1147	1.274444444	1.158585859	4.825978279
0.6246305795	1148	1.275555556	1.15959596	4.820442677
0.624642155	1149	1.276666667	1.160606061	4.813774586
0.6246537249	1150	1.277777778	1.161616162	4.806825161
0.6246653016	1151	1.278888889	1.162626263	4.79954958
0.6246768771	1152	1.28	1.163636364	4.788701057
0.6246884527	1153	1.281111111	1.164646465	4.778892517
0.6247000249	1154	1.282222222	1.165656566	4.773228169
0.6247115948	1155	1.283333333	1.166666667	4.770753861
0.6247231667	1156	1.284444444	1.167676768	4.770501614
0.6247347387	1157	1.285555556	1.168686869	4.771612167
0.6247463199	1158	1.286666667	1.16969697	4.75966692
0.6247578882	1159	1.287777778	1.170707071	4.738486767
0.6247694699	1160	1.288888889	1.171717172	4.725278378
0.6247810387	1161	1.29	1.172727273	4.722752571
0.624792619	1162	1.291111111	1.173737374	4.715419292
0.6248041868	1163	1.292222222	1.174747475	4.710074902
0.6248157668	1164	1.293333333	1.175757576	4.701429844
0.6248273442	1165	1.294444444	1.176767677	4.677869797
0.6248389144	1166	1.295555556	1.177777778	4.664002895
0.6248504835	1167	1.296666667	1.178787879	4.654966354
0.6248620595	1168	1.297777778	1.17979798	4.646150589
0.6248736286	1169	1.298888889	1.180808081	4.629432678
0.6248852092	1170	1.3	1.181818182	4.61973381
0.6248967808	1171	1.301111111	1.182828283	4.612315178
0.6249083574	1172	1.302222222	1.183838384	4.614123821
0.6249199366	1173	1.303333333	1.184848485	4.609921455
0.6249315057	1174	1.304444444	1.185858586	4.602754116
0.6249430779	1175	1.305555556	1.186868687	4.600027084
0.6249546541	1176	1.306666667	1.187878788	4.593549728
0.6249662316	1177	1.307777778	1.188888889	4.586538792
0.624977799	1178	1.308888889	1.18989899	4.579828262
0.6249893696	1179	1.31	1.190909091	4.571463585
0.6250009432	1180	1.311111111	1.191919192	4.557116985
0.6250125365	1181	1.312222222	1.192929293	4.5537467
0.6250241013	1182	1.313333333	1.193939394	4.538994789
0.6250356765	1183	1.314444444	1.194949495	4.531103134
0.6250472473	1184	1.315555556	1.195959596	4.526083946
0.6250588136	1185	1.316666667	1.196969697	4.509110928
0.6250703877	1186	1.317777778	1.197979798	4.496270657
0.6250819642	1187	1.318888889	1.198989899	4.492142677
0.6250935474	1188	1.32	1.2	4.487348557
0.6251051113	1189	1.321111111	1.201010101	4.488717079
0.6251166877	1190	1.322222222	1.202020202	4.484272003
0.6251282821	1191	1.323333333	1.203030303	4.477169514
0.6251398394	1192	1.324444444	1.204040404	4.467223167
0.6251514069	1193	1.325555556	1.205050505	4.466583252
0.6251629884	1194	1.326666667	1.206060606	4.46184969
0.6251745593	1195	1.327777778	1.207070707	4.4553895
0.6251861304	1196	1.328888889	1.208080808	4.453033924
0.6251977123	1197	1.33	1.209090909	4.447113037
0.6252092831	1198	1.331111111	1.21010101	4.440224171
0.6252208717	1199	1.332222222	1.211111111	4.433737755
0.6252324337	1200	1.333333333	1.212121212	4.430932999