Day fraction since midnight on	photometer (mg/L)	(volts)
0.592547677	0.9249600172	3.336043119
0.5925592433	0.9268631339	3.335062981
0.5925708326	0.9255377054	3.335745573
0.5925823989	0.9257733822	3.335624218
0.5925939652	0.9242911935	3.336387634
0.5926055546	0.9246364832	3.336209774
0.5926171209	0.9243143201	3.336375713
0.5926286872	0.9255761504	3.335725784
0.5926402765	0.9260700941	3.335471392
0.5926518428	0.9256025553	3.335712194
0.5926634092	0.9249836206	3.33603096
start		
0.5926749984	0.924854517	3.336097479
0.5926865647	0.9256775379	3.335673571
0.592698131	0.9255446792	3.335741997
0.5927097204	0.9245559573	3.336251259
0.5927212867	0.9256849289	3.335669756
0.592732853	0.9253076911	3.335864067
0.5927444423	0.9256182909	3.335704088
0.5927560086	0.9262775183	3.33536458
0.592767598	0.9262325764	3.335387707
0.5927791643	0.9269159436	3.335035801
0.5927907306	0.926952064	3.335017204
0.5928022969	0.9262515903	3.335377932
0.5928138862	0.9274109006	3.334780932
0.5928254525	0.9270506501	3.334966421
0.5928370188	0.9302421808	3.33332324
0.5928486082	1.021866918	3.286396503
0.5928601976	1.355000973	3.119739771
0.5928717638	1.408971548	3.093314648
0.5928833302	1.417464614	3.089170694
0.5928949195	1.492520571	3.052717924
0.5929064627	1.578711987	3.011229515
0.5929180521	2.158349276	2.74228549
0.5929296411	2.480285406	2.600210667
0.5929411847	2.682571888	2.513498783
0.592952774	2.625641584	2.537706137
0.5929643403	3.150681496	2.320142269
0.5929759066	3.573087454	2.154072046
0.592987496	3.804700136	2.066260815
0.5929990623	4.005923748	1.991780281
0.5930106285	4.344881058	1.870016098
0.5930222179	4.371079922	1.860793829
0.5930337842	4.329012871	1.875614882
0.5930453505	4.79831028	1.71412313
0.5930569399	5.208350658	1.579739451
0.5930685058	5.391936779	1.521524072
0.5930800724	5.122346878	1.607421637
0.5930916618	5.199701309	1.582511544
0.5931032512	5.242416382	1.568847418
0.5931147945	5.366023541	1.529669523
0.5931263838	5.946978092	1.352557659
0.59313795	6.482963562	1.198970079
0.5931495164	7.103415489	1.032210827
0.5931611057	7.177126885	1.01315105
0.593172672	6.985145569	1.063119769
0.5931842383	7.321691513	0.9762197137
0.5931958276	7.963623047	0.8191933036
0.5932073939	8.336442947	0.7329965234
0.5932189602	8.935837746	0.6016718149
0.5932305493	8.979175568	0.5925107598
0.5932421159	8.961805344	0.5961773992
0.5932536822	10.42148113	0.3114306927
0.5932652716	11.61265659	0.1108923703
0.5932768378	11.22125053	0.1738883406
0.5932884042	11.21483803	0.1749433428
0.5932999935	11.43842697	0.1385968626
0.5933115598	11.30094814	0.160838455
0.593323126	11.28280449	0.1637991816
0.5933347155	12.12447357	0.0325355418
0.5933462817	13.1581583	-0.1127827987
0.5933578711	13.77778816	-0.1922350377
0.5933694374	13.71373844	-0.1842728555
0.5933810036	13.1552763	-0.1124003157
0.5933925931	12.87571239	-0.0747147426
0.5934041593	12.60905552	-0.0376640484
0.5934157256	12.224226	0.0177748241
0.593427315	13.00115585	-0.0917691588
0.5934388813	13.91490173	-0.2090910077
0.5934504475	13.81949425	-0.1973892599
0.5934620369	13.83869553	-0.1997543424
0.5934736032	13.99474812	-0.218789503
0.5934851695	13.97894001	-0.2168762088
0.5934967589	14.30879116	-0.2561122477
0.5935083252	14.42033005	-0.269058466
0.5935198914	14.72293568	-0.303385973
0.5935314808	15.485075	-0.3849077523
0.5935430471	15.4270401	-0.37893942
0.5935546133	15.12593365	-0.3473498225
0.5935662028	15.0348959	-0.3375893831
0.5935777691	14.52257919	-0.2807866931
0.5935893353	15.09564018	-0.3441129029
0.5936009247	16.02474213	-0.4386056662
0.593612491	15.99080372	-0.4353226125
0.5936240573	15.75374794	-0.4120428562
0.5936356466	16.33263016	-0.4678321183
0.593647213	16.82923126	-0.512919426
0.5936587793	17.54021645	-0.5732991099
0.5936703686	17.71328545	-0.5872905254
0.5936819349	18.51613045	-0.6487957239
0.5936935012	18.18310547	-0.6239456534
0.5937050906	17.95849419	-0.6066596508
0.5937166569	17.71821594	-0.5876851082
0.5937282231	18.62106323	-0.6564375162
0.5937398125	18.6456604	-0.65821594
0.5937513788	18.82542992	-0.6710677147
0.5937629451	18.89552689	-0.6760100126
0.5937745344	18.80518723	-0.6696334481
0.5937861007	18.2806797	-0.6313218474
0.593797667	18.85559845	-0.673199594
0.5938092564	19.20271111	-0.6972211599
0.5938208227	19.16659546	-0.6947646737
0.593832412	18.92684364	-0.6782057285
0.5938439783	19.31817818	-0.7050091624
0.5938555446	19.7966938	-0.7362421155
0.5938671109	19.90613937	-0.7431557775
0.5938787003	20.44698143	-0.7761160135
0.5938902665	21.24420929	-0.8212351799
0.5939018328	21.36887169	-0.8279368877
0.5939134222	20.90884972	-0.8027402759
0.5939249885	20.54550552	-0.7819103003
0.5939365548	20.4982357	-0.7791382074
0.5939481442	20.1668911	-0.7592934966
0.5939597101	20.0405674	-0.7515336275
0.5939712767	20.21657753	-0.7623158693
0.5939828661	20.12892151	-0.7569724321
0.5939944555	20.15295219	-0.7584425211
0.5940059987	20.40226746	-0.7734653354
0.5940175881	20.31241798	-0.7680991888
0.5940291544	20.25166512	-0.7644402981
0.5940407206	20.67254448	-0.7892888188
0.59405231	20.98839188	-0.8071893454
0.5940638763	21.39649391	-0.8294093013
0.5940754426	21.43228912	-0.8313106894
0.5940870319	21.47794151	-0.8337247372
0.5940985983	21.67760658	-0.8441405892
0.5941101645	22.16321182	-0.8685309887
0.5941217539	22.41546822	-0.8806920648
0.5941333202	22.65414047	-0.8918893933
0.5941448865	22.5933094	-0.8890635967
0.5941564759	22.94519997	-0.9051494002
0.5941680422	23.39045906	-0.9246242642
0.5941796315	23.14197159	-0.9138745666
0.5941911978	22.8734436	-0.9019200206
0.5942027642	22.83045769	-0.8999730945
0.5942143419	22.73164749	-0.8954623938
0.5942259313	22.77653503	-0.8975176215
0.5942374976	22.94950676	-0.9053424597
0.5942490638	23.09467125	-0.9117944837
0.5942606301	23.0548687	-0.9100357294
0.5942722195	23.31035042	-0.9211910367
0.5942837855	23.74005318	-0.9392551184
0.5942953521	24.03196144	-0.9510447383
0.5943069414	23.95023727	-0.9477824569
0.5943185308	23.56045532	-0.9318096042
0.5943300971	23.48597908	-0.9286783338
0.5943416515	23.34183311	-0.9225438833
0.5943532412	23.19729996	-0.9162937999
0.5943648075	23.42030907	-0.9258958101
0.5943763969	23.57079315	-0.9322422147
0.5943879628	24.02340126	-0.9507044554
0.5943995294	24.05875397	-0.9521078467
0.5944111188	24.02879715	-0.9509189725
0.5944226851	24.04512405	-0.9515674114
0.5944342514	24.11648369	-0.9543878436
0.5944458177	24.10796738	-0.9540523887
0.5944574071	24.14420891	-0.9554775953
0.5944689733	24.27508163	-0.9605768323
0.5944805393	24.53064346	-0.9703235626
0.594492129	24.69278336	-0.9763656259
0.5945036953	24.59228325	-0.9726333022
0.5945152612	24.40767097	-0.9656680226
0.5945268597	24.35295868	-0.9635762572
0.5945384121	24.17571068	-0.9567118287
0.5945499986	24.20318794	-0.9577847719
0.5945615649	24.05812836	-0.9520831108
0.5945731312	24.23827362	-0.9591501355
0.5945847205	24.40713882	-0.9656477571
0.5945962869	24.43800354	-0.9668222666
0.5946078531	24.31170654	-0.9619906545
0.5946194425	24.163517	-0.9562345743
0.5946310088	24.07529831	-0.9527627826
0.5946425749	23.95506859	-0.9479761124
0.5946541641	24.09326172	-0.9534724355
0.5946657304	24.30722809	-0.961818099
0.5946772971	24.39509773	-0.9651884437
0.5946888864	24.41822052	-0.9660699368
0.5947004527	24.35214424	-0.9635450244
0.594712019	24.43498611	-0.9667076468
0.5947236083	24.60028458	-0.9729319811
0.5947351746	24.65513992	-0.9749724865
0.594746764	24.79464149	-0.9801061153
0.5947583303	24.7996254	-0.9802880287
0.5947698966	24.74872398	-0.9784251451
0.5947814629	24.7801075	-0.9795749784
0.5947930522	24.82225418	-0.9811128974
0.5948046185	24.81164551	-0.9807264209
0.5948161849	24.80019951	-0.9803090096
0.5948277742	24.91161156	-0.9843497872
0.5948393636	24.86255646	-0.9825767875
0.5948509067	24.95603371	-0.9859470725
0.5948624961	24.93360329	-0.9851415157
0.5948740624	24.76177216	-0.9789036512
0.5948856283	24.81359673	-0.9807975888
0.5948972177	24.6705265	-0.9755426049
0.5949087844	24.46391296	-0.9678051472
0.5949203506	24.41043663	-0.9657734632
0.59493194	24.50298119	-0.9692817926
0.5949435063	24.56300545	-0.9715381861
0.5949550956	24.59715462	-0.972815156
0.594966662	24.5819912	-0.972248733
0.5949782282	24.45172882	-0.9673432708
0.5949897945	24.36146927	-0.9639024734
0.5950013838	24.43375969	-0.966661036
0.5950129733	24.43952942	-0.9668802619
0.5950245395	24.39888763	-0.9653331041
0.5950361058	24.43769455	-0.9668105245
0.5950476721	24.47226906	-0.9681215286
0.5950592384	24.48052406	-0.9684337974
0.5950708274	24.51239777	-0.9696367979
0.5950823941	24.52120972	-0.969968617
0.5950939834	24.4936161	-0.9689284563
0.5951055494	24.48583031	-0.9686343074
0.595117116	24.49701118	-0.9690566063
0.5951286823	24.48898888	-0.9687536955
0.5951402713	24.43127251	-0.966566503
0.5951518379	24.3939724	-0.9651455283
0.5951634039	24.34383202	-0.9632260799
0.5951749933	24.284132	-0.9609267116
0.5951865596	24.29051209	-0.9611731768
0.5951981262	24.38066483	-0.9646371007
0.5952097156	24.38031006	-0.9646235704
0.595221282	24.30374718	-0.961683929
0.5952328712	24.24399376	-0.9593722224
0.5952444375	24.22412682	-0.9586002827
0.5952560038	24.24880791	-0.9595590234
0.5952675932	24.31318474	-0.9620476365
0.5952791594	24.25653076	-0.9598585367
0.5952907256	24.19394875	-0.9574244022
0.5953023148	24.1383667	-0.9552482963
0.5953138814	24.05290222	-0.9518759847
0.5953254473	24.01389503	-0.9503261447
0.5953370371	23.96386147	-0.9483283758
0.595348603	23.96110344	-0.9482179284
0.5953601696	23.97932625	-0.9489470124
0.5953717587	24.04130936	-0.9514160752
0.595383325	24.04333687	-0.9514965415
0.5953948916	23.99648476	-0.9496322274
0.595406481	23.97678375	-0.9488453865
0.5954180472	23.92838669	-0.9469051957
0.5954296366	23.90189743	-0.9458388686
0.5954412029	23.93065262	-0.9469962716
0.5954527691	23.94832993	-0.9477059245
0.5954643355	23.82938576	-0.9429036975
0.5954759248	23.77930832	-0.9408628941
0.5954874911	23.7524128	-0.9397621155
0.5954990574	23.73683739	-0.9391231537
0.5955106468	23.76939392	-0.9404575229
0.5955222131	23.58395004	-0.9327921271
0.5955338025	23.44507027	-0.9269472957
0.5955453688	23.3530426	-0.9230244756
0.595556935	23.19279289	-0.9160972834
0.5955685013	23.02693176	-0.9087966681
0.5955800907	22.82498932	-0.8997247219
0.5955916569	22.91503906	-0.9037951231
0.5956032233	23.06683922	-0.9105655551
0.5956148126	23.00770569	-0.9079416394
0.5956263789	22.91067505	-0.903598845
0.5956379683	22.89149094	-0.9027346373
0.5956495346	22.93839455	-0.9048442841
0.5956611008	22.99002457	-0.9071537852
0.5956726671	23.00500488	-0.9078214169
0.5956842565	23.03027725	-0.9089452028
0.5956958228	22.88923073	-0.9026327133
0.5957073891	22.69244766	-0.8936591744
0.5957189785	22.52643585	-0.8859350085
0.5957305447	22.41948509	-0.880883038
0.595742111	22.42885208	-0.8813278675
0.5957537004	22.3931179	-0.8796282411
0.5957652667	22.33061028	-0.8766390681
0.595776833	22.41086197	-0.8804730773
0.5957884223	22.4086647	-0.8803685904
0.5957999886	22.23299408	-0.8719292283
0.5958115549	22.14773941	-0.8677739501
0.5958231443	22.12243271	-0.8665328622
0.5958347337	22.1400032	-0.8673949242
0.5958462769	22.05991936	-0.8634522557
0.5958578662	21.96010399	-0.8584890366
0.5958694325	21.84843063	-0.8528706431
0.5958809989	21.71062469	-0.8458408713
0.5958925882	21.71199608	-0.8459113836
0.5959041546	21.67745972	-0.8441329598
0.5959157207	21.51901245	-0.8358861208
0.5959273098	21.33648682	-0.8262047768
0.5959388764	21.19976234	-0.818823278
0.5959504427	21.10855293	-0.8138365149
0.5959620321	21.01609802	-0.8087299466
0.5959735984	21.03635979	-0.8098535538
0.5959851647	21.04052162	-0.8100839853
0.595996754	21.14034462	-0.8155804873
0.5960083203	21.12667847	-0.8148315549
0.5960198866	21.15967178	-0.8166375756
0.596031476	21.1849308	-0.8180158138
0.5960430422	21.31585503	-0.8250980377
0.5960546085	21.28203583	-0.8232785463
0.5960661979	21.327425	-0.8257189989
0.5960777869	21.08584213	-0.8125870228
0.5960893305	20.75371552	-0.7939491868
0.5961009199	20.53623199	-0.7813676
0.5961124862	20.62381172	-0.7864707112
0.5961240525	20.65120316	-0.788056612
0.5961356418	20.69861221	-0.790790081
0.5961472081	20.90646935	-0.802606523
0.5961587744	20.95956612	-0.8055815697
0.5961703637	20.79373741	-0.7962316275
0.59618193	20.79231834	-0.7961509228
0.5961934963	20.89037895	-0.8017014861
0.5962050857	20.82627678	-0.7980799079
0.596216652	20.53435135	-0.7812575102
0.5962282413	20.2278862	-0.763001442
0.5962398076	20.19205475	-0.76082623
0.5962513739	20.28083611	-0.7662001848
0.5962629633	20.32203865	-0.7686762214
0.5962745296	20.20430183	-0.7615706921
0.5962860959	20.1182518	-0.75631845
0.5962976852	20.33017159	-0.7691636682
0.5963092515	20.34532166	-0.7700704932
0.5963208178	20.27469635	-0.7658302784
0.5963324072	20.06561089	-0.7530806661
0.5963439735	19.87000656	-0.7408825755
0.5963555398	19.77740097	-0.735014677
0.5963671291	19.66175461	-0.727601707
0.5963786954	19.80747986	-0.7369272113
0.5963902617	19.88726234	-0.741969347
0.5964018511	20.01268768	-0.7498063445
0.5964134174	20.06258011	-0.7528936863
0.5964249837	19.71681023	-0.7311425805
0.596436573	19.47677422	-0.7155448794
0.5964481393	19.28311729	-0.7026549578
0.5964597284	19.01259804	-0.6841791868
0.596471295	18.98041344	-0.6819438338
0.5964828613	18.9552784	-0.680192709
0.5964944276	18.95888519	-0.6804442406
0.596506017	18.89985275	-0.6763138175
0.5965175833	18.84905624	-0.6727378964
0.5965291495	18.95048904	-0.6798583865
0.5965407389	19.12975502	-0.6922487617
0.5965523051	19.07997513	-0.6888327003
0.5965638714	19.05404663	-0.687046051
0.5965754608	18.88790321	-0.6754744053
0.5965870268	18.63044548	-0.6571164131
0.5965985934	18.41983604	-0.6417043805
0.5966101828	18.15650558	-0.6219209433
0.596621749	18.08956146	-0.6167988777
0.5966333153	18.14666176	-0.6211701632
0.5966449047	18.1212883	-0.6192311049
0.596656471	18.07550621	-0.6157186031
0.5966680369	17.93490219	-0.6048188806
0.5966796267	17.77302551	-0.5920580626
0.596691193	17.90089607	-0.6021571755
0.5967027823	17.93906975	-0.6051444411
0.5967143486	17.97786522	-0.6081674695
0.5967259149	17.98817635	-0.6089687943
0.5967374812	17.91543198	-0.6032961607
0.5967490705	17.76493645	-0.5914143324
0.5967606368	17.51311874	-0.5710840225
0.5967722031	17.36699295	-0.5590237975
0.5967837925	17.4754467	-0.5679935217
0.5967953588	17.48751831	-0.568985343
0.5968069251	17.42985535	-0.5642360449
0.5968185144	17.17933083	-0.5432462096
0.5968300807	16.97603226	-0.5257791877
0.596841647	16.88080597	-0.5174612999
0.5968532364	16.85169029	-0.5149003863
0.5968648027	16.85429573	-0.5151299834
0.596876369	16.73488808	-0.5045437217
0.5968879584	16.70820618	-0.5021589398
0.5968995246	16.71870232	-0.503098011
0.5969110909	16.76051903	-0.5068278909
0.5969226803	16.61593437	-0.4938575327
0.5969342466	16.46904182	-0.4804653823
0.5969458129	16.48799515	-0.4822057188
0.5969574022	16.42467308	-0.4763773382
0.5969689685	16.48249626	-0.4817011952
0.5969805348	16.44180679	-0.4779583514
0.5969921242	16.30459404	-0.4652117789
0.5970037135	16.05522537	-0.4415439367
0.5970152568	15.8880043	-0.4253023565
0.5970268461	15.67983055	-0.4046577811
0.5970384121	15.5860815	-0.395203948
0.5970499787	15.51778507	-0.3882547319
0.5970615681	15.50834179	-0.3872896731
0.5970731343	15.48821926	-0.3852300048
0.5970847006	15.39260292	-0.3753797412
0.59709629	15.39949131	-0.3760928512
0.5971078563	15.36201477	-0.3722064793
0.5971194226	15.36716843	-0.3727419674
0.5971310121	15.34949684	-0.3709048033
0.5971425782	15.36569023	-0.3725883663
0.5971541445	15.58149719	-0.3947392106
0.5971657339	15.7550106	-0.412168473
0.5971773002	15.71007442	-0.4076867998
0.5971888895	15.58825016	-0.39542377
0.5972004558	15.60625362	-0.3972464502
0.5972120221	15.54594231	-0.3911261559
0.5972236346	15.54078579	-0.3906009495
0.5972351778	15.38627434	-0.3747241497
0.5972467672	15.1346674	-0.3482809961
0.5972583334	15.04347897	-0.3385137618
0.5972698998	14.93196964	-0.3264349997
0.597281466	14.73783398	-0.305046469
0.5972930554	14.7808609	-0.3098266721
0.5973046217	14.7028656	-0.3011447787
0.597316188	14.61665916	-0.2914609611
0.5973277773	14.60072613	-0.2896610498
0.5973393436	14.43104935	-0.2702942193
0.5973509099	14.38226891	-0.2646587193
0.5973624993	14.41610718	-0.2685712874
0.5973740655	14.47256756	-0.2750668824
0.5973856551	14.46806049	-0.2745497823
0.597397221	14.37109089	-0.2633630633
0.5974087874	14.23460674	-0.2474125773
0.5974203538	14.1745491	-0.2403170168
0.5974319429	14.09011364	-0.2302610278
0.5974435091	14.2060442	-0.2440439463
0.5974550758	14.21631145	-0.2452560514
0.5974666651	14.03107548	-0.2231736183
0.5974782311	13.91619778	-0.2092491239
0.5974898208	13.8180151	-0.1972068697
0.5975013986	13.60119057	-0.1701441258
0.5975129533	13.58254242	-0.1677859873
0.5975245197	13.73016262	-0.1863200665
0.597536109	13.89168167	-0.206254527
0.5975476753	13.80668736	-0.1958090514
0.5975592647	13.67877483	-0.1799025238
0.597570831	13.68147755	-0.1802409589
0.5975823972	13.66132545	-0.1777151078
0.5975939632	13.69244862	-0.1816138029
0.5976055529	13.63259411	-0.1741041243
0.5976171192	13.51600266	-0.1593321264
0.5976286855	13.53049755	-0.1611790955
0.5976402748	13.43471622	-0.1489197463
0.5976518642	13.37309837	-0.1409640163
0.5976634074	13.52555084	-0.1605490893
0.5976749968	13.62850571	-0.173589319
0.5976865631	13.48615265	-0.1555193812
0.5976981294	13.2211647	-0.121113345
0.5977097188	12.97245312	-0.0878878981
0.5977213081	12.86357975	-0.0730526596
0.5977328744	12.75021267	-0.0574135222
0.5977444407	12.61852074	-0.0389980562
0.5977560301	12.52772141	-0.0261432435
0.5977675733	12.43748379	-0.0132392589
0.5977791626	12.34768963	-0.0002698212
0.5977907289	12.22505951	0.0176521484
0.5978022952	12.14642811	0.0292727519
0.5978138846	12.0736599	0.0401174761
0.5978254509	12.21888733	0.0185607187
0.5978370172	12.45586872	-0.0158788022
0.5978486065	12.32355022	0.003238803
0.5978601728	12.17702198	0.0247393828
0.5978717622	12.16558552	0.0264322776
0.5978833285	12.38746929	-0.0060313139
0.5978948948	12.41372395	-0.0098200468
0.5979064611	12.49839783	-0.0219640825
0.5979180504	12.47832012	-0.0190948285
0.5979296167	12.30709171	0.0056364303
0.597941183	11.99693489	0.0516471565
0.5979527724	11.78751564	0.0836206675
0.5979643617	11.62068367	0.1096288413
0.597975928	11.51704407	0.1260296255
0.597987494	11.54613876	0.1214063913
0.5979990606	11.64911175	0.1051630154
0.5980106269	11.78917027	0.08336512
0.5980222163	11.83144188	0.0768525302
0.5980337825	11.77019405	0.0862986967
0.5980453488	11.67408562	0.1012514457
0.5980569383	11.62090588	0.1095938906
0.5980685045	11.5879221	0.1147930026
0.5980800708	11.56995583	0.1176328585
0.5980916602	11.63665009	0.1071189418
0.5981032265	11.6141777	0.1106528565
0.5981147927	11.55112171	0.1206160635
0.5981263821	11.50435925	0.1280499399
0.5981379484	11.51820469	0.1258448213
0.5981495377	11.45417976	0.1360699087
0.598161104	11.34125137	0.1542830467
0.5981726703	11.15244293	0.1852479875
0.5981842594	10.96740532	0.2162300944
0.598195826	10.92333889	0.2237024903
0.5982073923	10.9409523	0.2207113206
0.5982189816	10.93921375	0.2210064232
0.598230548	11.00416565	0.2100243419
0.5982421142	11.05605602	0.2013073564
0.5982537037	11.0969038	0.1944805384
0.5982652699	11.03803635	0.204328835
0.5982768361	10.84753799	0.2366421521
0.5982884255	10.68964195	0.2639473975
0.5982999915	10.49224186	0.2987635732
0.5983115581	10.38651752	0.3177263141
0.5983231475	10.30162144	0.3331150413
0.5983347138	10.15566635	0.3599126041
0.59834628	10.13853264	0.3630868495
0.5983578694	10.20605564	0.3506119549
0.5983694357	10.18142128	0.3551524282
0.598381002	9.974549294	0.39377442
0.5983925914	9.923200607	0.403499037
0.5984041577	9.884888649	0.4107908905
0.5984157239	9.924230576	0.4033034742
0.5984273133	10.08587265	0.3728807867
0.5984388798	10.11575699	0.3673157394
0.5984504459	10.08472061	0.3730958104
0.5984620353	10.02960968	0.3834083378
0.5984736016	9.978469849	0.3930342197
0.5984851679	9.826426506	0.4219777286
0.5984967572	9.758259773	0.43511343
0.5985083234	9.757662773	0.4352289736
0.5985198899	9.789258957	0.4291276038
0.5985314791	9.790023804	0.4289801121
0.5985430451	9.803030968	0.4264748693
0.5985546118	9.748792648	0.4369455278
0.5985662011	9.590527535	0.4678612351
0.598577767	9.519352913	0.4819422364
0.5985893337	9.490737915	0.4876348376
0.5986009231	9.477383614	0.4902976751
0.5986124893	9.407623291	0.5042722225
0.5986240556	9.358088493	0.5142609477
0.598635645	9.403208733	0.5051600933
0.5986472344	9.508748055	0.4840498269
0.5986587777	9.511862755	0.4834305942
0.5986703669	9.225507736	0.5412672162
0.5986819329	9.071022987	0.5732402802
0.5986935226	9.029919624	0.5818400383
0.5987050889	9.008609772	0.5863137841
0.5987166783	9.051768303	0.5772638917
0.5987282215	9.105351448	0.5660880208
0.5987398108	9.053091049	0.5769871473
0.5987513771	8.987172127	0.5908252597
0.5987629434	9.037774086	0.5801936984
0.5987745328	9.09119606	0.5690340996
0.5987860987	9.13742733	0.5594297051
0.5987976655	9.173408508	0.5519888997
0.5988092547	9.126385689	0.5617191195
0.598820821	9.13513279	0.5599052906
0.598832387	9.076753616	0.5720444918
0.5988439767	8.872783661	0.6150797009
0.5988555661	8.693223	0.653778553
0.5988671323	8.543049812	0.6867409945
0.5988786983	8.445063591	0.7085462213
0.5988902649	8.36727047	0.7260273695
0.5989018312	8.292449951	0.7429834604
0.5989134205	8.116147995	0.7834979892
0.5989250099	7.994261265	0.8119745851
0.5989365532	8.033512116	0.8027622104
0.5989481425	8.133730888	0.7794218659
0.5989597087	8.159770966	0.7733995914
0.5989712751	8.035749435	0.802238524
0.5989828645	7.957146645	0.8207224011
0.5989944307	8.03722477	0.8018929958
0.599005997	8.11928463	0.7827703357
0.5990175863	8.044611931	0.8001643419
0.5990291527	7.977914333	0.8158230186
0.599040719	8.060343742	0.7964878082
0.5990523083	8.116997719	0.783300817
0.5990638746	8.229079247	0.7574551702
0.5990754409	8.272535324	0.7475203276
0.5990870303	8.307375908	0.7395896316
0.5990986197	8.250551224	0.7525402904
0.5991102091	8.086528778	0.7903825641
0.5991217522	7.896781921	0.8350273967
0.5991333185	7.657357216	0.8927175403
0.5991449079	7.588551045	0.9095818996
0.5991564742	7.488568783	0.9343178272
0.5991680405	7.47832489	0.9368677735
0.5991796299	7.470039368	0.9389322996
0.5991911962	7.484125137	0.9354236126
0.5992027624	7.438497543	0.9468091726
0.5992143518	7.444774628	0.9452393651
0.5992259181	7.356768608	0.9673476219
0.5992374843	7.318169594	0.9771124125
0.5992490737	7.389718533	0.9590448737
0.59926064	7.49049902	0.9338377118
0.5992722063	7.522524834	0.9258862138
0.5992837957	7.58067131	0.9115213752
0.599295362	7.489612579	0.934058249
0.5993069283	7.321661472	0.9762273431
0.5993185176	7.310181141	0.9791386127
0.5993300839	7.359347343	0.9666966796
0.5993416502	7.332838535	0.9733965397
0.5993532396	7.325478554	0.9752601385
0.5993648058	7.296564102	0.982596457
0.5993763721	7.247138977	0.9951913953
0.5993879612	7.199062347	1.007509112
0.5993995278	7.093771458	1.034716129
0.5994110941	7.012371063	1.055968642
0.5994226835	6.96103859	1.06946981
0.5994342497	6.916312218	1.081296206
0.599445816	6.890435219	1.088165402
0.5994574054	6.856573105	1.097184062
0.5994689717	6.869258404	1.093801618
0.599480538	6.809717655	1.109719276
0.5994921273	6.7398839	1.128523231
0.5995036936	6.788296223	1.115471959
0.5995152599	6.78220129	1.117111206
0.599526849	6.745200157	1.127086639
0.5995384156	6.646438599	1.153913856
0.5995499819	6.527705669	1.186557174
0.5995615713	6.470427036	1.202459216
0.5995731375	6.41924715	1.21675384
0.5995847036	6.389027119	1.225232363
0.5995962932	6.441223145	1.210605979
0.5996078826	6.378801346	1.22810781
0.5996194254	6.264311791	1.260524988
0.5996310151	6.193173885	1.280875683
0.5996425814	6.203956127	1.277780771
0.5996541474	6.250466347	1.2644732
0.5996657368	6.274407864	1.257649779
0.5996773034	6.31163311	1.247076273
0.5996888693	6.344408035	1.237802863
0.599700459	6.315685749	1.245927811
0.5997120254	6.247579098	1.265297294
0.5997235917	6.20172596	1.278420568
0.599735181	6.113417149	1.303883553
0.5997467473	6.060571194	1.319240809
0.5997583135	6.034481525	1.326855779
0.5997699029	6.03525734	1.326629043
0.5997814692	6.01543951	1.33242774
0.5997930356	6.010564327	1.333856106
0.5998046249	5.991752148	1.339375258
0.5998161911	5.898055553	1.367036343
0.5998277687	5.954751968	1.350264192
0.5998393584	5.95868206	1.349105358
0.5998509246	5.853191853	1.380383134
0.5998624794	5.827760696	1.387978315
0.5998740687	5.849312782	1.381540179
0.599885635	5.825905323	1.388533235
0.599897201	5.727981567	1.417985678
0.5999087907	5.631612778	1.447284341
0.599920357	5.646057606	1.442872763
0.5999319463	5.664830208	1.437149882
0.5999435127	5.700686932	1.426252127
0.599955102	5.737273693	1.415177107
0.5999666683	5.744743347	1.412921548
0.5999782346	5.749563694	1.411466956
0.599989801	5.667146206	1.436444759
0.600001367	5.636211872	1.445878863
0.6000129562	5.693610668	1.428399444
0.6000245225	5.655776501	1.439908385
0.6000360892	5.641759396	1.444184661
0.6000476782	5.582457066	1.462349892
0.6000592679	5.520394802	1.481488943
0.6000708342	5.529316425	1.478729487
0.6000824004	5.553526402	1.471255302
0.6000939667	5.570156097	1.466132879
0.6001055561	5.558887005	1.469602943
0.6001171224	5.520116806	1.481574893
0.6001286887	5.466594219	1.498186946
0.6001402781	5.441702843	1.505946279
0.6001518443	5.424839973	1.511215091
0.6001634106	5.429094315	1.509884834
0.600175	5.381018639	1.524953127
0.6001865663	5.253413677	1.565339923
0.6001981326	5.182290554	1.588099599
0.6002097219	5.240672112	1.569404125
0.6002212882	5.214948177	1.577626705
0.6002328545	5.15530014	1.596783638
0.6002444439	5.166280747	1.593247533
0.6002560102	5.180086136	1.588807821
0.6002675764	5.153561115	1.59734416
0.6002791655	5.119968414	1.608190894
0.6002907321	5.091638088	1.617370009
0.6003022984	5.068740845	1.624809861
0.6003138878	5.052882195	1.629973769
0.600325454	4.977852821	1.654528499
0.6003370203	4.915362358	1.675136209
0.6003486097	4.904802322	1.678632736
0.600360176	4.84789896	1.697544694
0.6003717423	4.802986145	1.712555885
0.6003833313	4.778457165	1.720785976
0.600394898	4.828934193	1.703874111
0.6004064642	4.850763798	1.696589589
0.6004180536	4.866859436	1.69122982
0.6004296199	4.837747574	1.700930953
0.6004411862	4.794345379	1.715452552
0.6004527755	4.761991501	1.726323128
0.6004643418	4.708046913	1.744534731
0.6004759081	4.716067791	1.741820097
0.6004874975	4.679952622	1.754062653
0.6004990638	4.626859665	1.772149801
0.6005106301	4.591219425	1.784351111
0.6005222196	4.618615627	1.77496779
0.6005337857	4.62223196	1.773731351
0.600545352	4.533781529	1.804116726
0.600556941	4.404088497	1.849212408
0.6005685308	4.366110802	1.862540841
0.6005800853	4.375374794	1.85928452
0.6005916516	4.407850742	1.847895145
0.600603241	4.412330627	1.846327186
0.6006148073	4.431368828	1.839672804
0.6006263736	4.481489658	1.822221279
0.600637963	4.501628876	1.815236211
0.6006495292	4.488879681	1.819656253
0.6006610955	4.470022678	1.826205373
0.6006726849	4.431213379	1.839727163
0.6006842512	4.420901299	1.843329787
0.6006958175	4.44404316	1.835250616
0.6007074068	4.360076428	1.864663959
0.6007189731	4.261666298	1.899487019
0.6007305394	4.208827496	1.918341875
0.6007421288	4.24115181	1.90679419
0.6007536951	4.238312721	1.907806873
0.6007652614	4.236961365	1.908288956
0.6007768507	4.186950684	1.926180601
0.600788417	4.11299324	1.95282197
0.6007999833	4.126574993	1.947913051
0.6008115727	4.139034271	1.943416357
0.600823139	4.105021954	1.955706596
0.6008347053	4.046386719	1.977003098
0.6008462946	3.969172239	2.005259752
0.6008578609	3.936782599	2.017184973
0.6008694272	3.953789234	2.01091814
0.6008810166	4.02541399	1.984654188
0.6008925829	4.01363945	1.988957405
0.6009041491	4.008527756	1.990827322
0.6009157385	4.012961388	1.98920548
0.6009273048	3.996944666	1.99506855
0.6009388942	3.99059391	1.997396231
0.6009504605	4.001162052	1.993523717
0.6009620267	3.97457695	2.003273964
0.600973593	3.914283037	2.025494099
0.6009851824	3.87954092	2.038365126
0.6009967487	3.870349169	2.041778803
0.601008315	3.86946559	2.042107105
0.6010199044	3.846193552	2.05076623
0.6010314937	3.819972515	2.060549498
0.6010430369	3.730585814	2.09411478
0.6010546263	3.639765739	2.128560782
0.6010661926	3.635812521	2.130068064
0.6010777589	3.678455114	2.113844395
0.6010893482	3.676675797	2.114519835
0.6011009376	3.65662694	2.122139454
0.6011124808	3.646601439	2.125956059
0.6011240702	3.621442318	2.135552645
0.6011356365	3.65149951	2.12409091
0.6011472028	3.687386036	2.110456228
0.6011587921	3.689775705	2.109550238
0.6011703584	3.720805407	2.097807646
0.6011819478	3.682921648	2.112149477
0.6011935141	3.645465612	2.126388788
0.6012051035	3.629315376	2.132546663
0.6012166467	3.622632504	2.135097981
0.601228236	3.65730381	2.121881962
0.6012398023	3.618926525	2.13651371
0.6012513686	3.589287043	2.147856712
0.601262958	3.565634251	2.156935453
0.6012745243	3.570739269	2.154973984
0.6012860905	3.579092503	2.151766777
0.6012976799	3.51646018	2.175886393
0.6013092462	3.519047022	2.174886942
0.6013208125	3.544338942	2.165129662
0.6013324019	3.541165352	2.166352511
0.6013439682	3.557283402	2.160146475
0.6013555344	3.471635103	2.19325161
0.6013671238	3.404461145	2.219436884
0.6013786901	3.360650301	2.236620188
0.6013902564	3.337039709	2.245915413
0.6014018458	3.372799873	2.231846571
0.601413412	3.444239378	2.203907251
0.6014249783	3.438827992	2.206015825
0.6014365677	3.41051507	2.217068911
0.601448134	3.349892616	2.240852356
0.6014597003	3.286431313	2.265921354
0.6014712897	3.244908094	2.28241992
0.6014828559	3.225195885	2.290278912
0.6014944453	3.247008562	2.281583548
0.6015060116	3.250634432	2.280140162
0.6015175779	3.230802059	2.288042069
0.6015291673	3.213371754	2.295001268
0.6015407335	3.172595978	2.311333895
0.6015523229	3.192247152	2.303453445
0.6015638892	3.165456772	2.314201117
0.6015754555	3.156201839	2.3179214
0.6015870218	3.147257328	2.321520567
0.6015986111	3.142655134	2.323373795
0.6016101774	3.137456656	2.325468302
0.6016217437	3.115362883	2.334383488
0.6016333328	3.097674131	2.341536999
0.6016448849	3.109037876	2.336939812
0.6016564371	3.082685947	2.347609282
0.6016680123	3.067515373	2.353765726
0.6016795644	3.101569176	2.339960575
0.6016911166	3.11228013	2.335629225
0.6017026918	3.100692987	2.340315104
0.6017142439	3.102760553	2.339478493
0.6017257961	3.100611687	2.340348005
0.6017373713	3.109258413	2.336850643
0.6017489234	3.102393627	2.339627028
0.6017604755	3.105952263	2.338187456
0.6017720738	3.02927208	2.369331598
0.6017836029	2.944868088	2.403920412
0.6017951781	2.960614204	2.397443056
0.6018067302	2.980029821	2.389471769
0.6018182824	2.957271099	2.398817301
0.601829835	2.962590694	2.396630764
0.6018414107	2.945110083	2.403820753
0.6018529633	2.927600861	2.411036491
0.6018645159	2.903929234	2.420814037
0.6018760915	2.880582571	2.430482626
0.6018876441	2.92111373	2.413713455
0.6018991968	2.967530966	2.394601345
0.6019107724	2.920273304	2.414060354
0.601922325	2.895135641	2.424452782
0.6019338776	2.896963835	2.423696041
0.6019454533	2.908670664	2.418853521
0.6019570059	2.877882242	2.431602478
0.6019685585	2.840043783	2.447330475
0.6019801342	2.835273504	2.449317932
0.6019917099	2.842988014	2.446104288
0.6020032394	2.833276033	2.45015049
0.6020148035	2.803094626	2.462752581
0.6020263792	2.760447741	2.48063159
0.6020379318	2.730661869	2.493169069
0.6020494844	2.733157158	2.492117167
0.6020610601	2.74146986	2.488615036
0.6020726127	2.744705439	2.487252712
0.6020841653	2.759038687	2.481223822
0.602095741	2.751452923	2.484413385
0.6021072936	2.763832092	2.479209662
0.6021188462	2.779630184	2.472579241
0.6021304219	2.808417082	2.460527182
0.6021419745	2.794079304	2.466525078
0.6021535271	2.76472044	2.478836536
0.6021651027	2.730160952	2.493380308
0.6021766557	2.731543541	2.492797375
0.6021882195	2.728143692	2.494230986
0.6021997721	2.718717098	2.498208523
0.6022113249	2.730338574	2.493305445
0.6022229004	2.750901938	2.484645128
0.602234453	2.767004967	2.47787714
0.6022460056	2.74621439	2.486617565
0.6022575813	2.720700264	2.497371435
0.6022691339	2.670161486	2.518762827
0.6022806865	2.653811455	2.525708914
0.6022922621	2.659259081	2.523393154
0.6023038148	2.668693304	2.519386053
0.6023153674	2.647282362	2.528486252
0.602326943	2.594386578	2.551061153
0.6023384956	2.557556391	2.566858053
0.6023500713	2.529073954	2.579118729
0.6023616239	2.541770697	2.573648453
0.6023731765	2.560569525	2.565563202
0.6023847291	2.552887201	2.568865299
0.6023963048	2.549009562	2.570533037
0.6024078805	2.548021078	2.570958376
0.6024194331	2.525757313	2.580549002
0.6024309857	2.520535946	2.58280158
0.6024425383	2.497445583	2.59277916
0.6024540909	2.491044998	2.595549345
0.6024656666	2.487828016	2.596942425
0.6024772422	2.442834854	2.616478682
0.6024887948	2.429706097	2.622197628
0.6025003474	2.42526722	2.62413311
0.6025119001	2.399380207	2.635439634
0.6025234757	2.372667074	2.64714098
0.6025350283	2.372730255	2.647113323
0.6025465809	2.361738443	2.6519382
0.6025581566	2.367817164	2.649269104
0.6025697092	2.385047436	2.641713619
0.6025812618	2.395802975	2.637004614
0.6025928375	2.391921997	2.638703108
0.6026043901	2.402438164	2.634102345
0.6026159427	2.400077343	2.635134697
0.6026275184	2.412363768	2.629764795
0.602639071	2.401552677	2.634489536
0.6026506236	2.364769936	2.650606871
0.6026621993	2.321734905	2.669547558
0.6026737519	2.284863234	2.685847521
0.6026853045	2.251725435	2.700553894
0.6026968801	2.258980513	2.697329521
0.6027084327	2.267501116	2.693546057
0.6027200084	2.250714779	2.701003313
0.602731561	2.253198147	2.699899197
0.6027431136	2.245988846	2.703105211
0.6027546662	2.231287718	2.709650993
0.6027662419	2.223836899	2.712972641
0.6027777945	2.238765717	2.706320047
0.6027893471	2.238856316	2.706279755
0.6028009228	2.239746809	2.705883265
0.6028124754	2.233181477	2.70880723
0.602824028	2.213382006	2.717638016
0.6028356037	2.187072992	2.729402304
0.6028471563	2.169917822	2.73709178
0.6028587089	2.160226584	2.741442204
0.6028702846	2.164709091	2.739429474
0.6028818372	2.168960333	2.73752141
0.6028933898	2.161306858	2.740957022
0.6029049654	2.151334286	2.745438099
0.602916518	2.169882298	2.737107754
0.6029280707	2.189531326	2.728301525
0.6029396463	2.189434052	2.728345156
0.602951222	2.182814598	2.731309652
0.6029627515	2.185700417	2.730016947
0.6029743272	2.216266632	2.716350317
0.6029859029	2.197669983	2.724659681
0.6029974324	2.180271387	2.732449293
0.6030090081	2.131423235	2.754399777
0.6030205838	2.101983547	2.767686367
0.6030321133	2.086284399	2.774789333
0.603043689	2.073304653	2.780671358
0.6030552646	2.0626297	2.785515308
0.6030667942	2.053518057	2.789654255
0.6030783699	2.051059246	2.790771961
0.6030899225	2.06363368	2.785059452
0.6031014751	2.077745676	2.778657913
0.6031130507	2.073315144	2.78066659
0.6031246034	2.077205896	2.778902531
0.603136179	2.082758188	2.776386499
0.6031477316	2.080280304	2.777509213
0.6031592842	2.061888218	2.785851955
0.6031708368	2.02803731	2.801251411
0.6031824125	2.005339384	2.811609507
0.6031939882	2.01761508	2.806004286
0.6032055177	2.008839846	2.810010433
0.6032170934	1.981021404	2.822736025
0.603228646	1.974057674	2.825927734
0.6032401986	1.990659356	2.818322659
0.6032517743	2.010518789	2.809243679
0.6032633269	1.99519062	2.816249371
0.6032748795	1.977630138	2.824290037
0.6032864552	1.970265627	2.82766676
0.6032980078	1.963702917	2.830678225
0.6033095604	1.944019318	2.839723587
0.603321136	1.922179461	2.849782944
0.6033326886	1.907192707	2.856699944
0.6033442413	1.922739387	2.849524736
0.6033558169	1.940683365	2.841258526
0.6033673695	1.944777012	2.839375019
0.6033789221	1.946004987	2.838810206
0.6033904978	1.926533222	2.847775698
0.6034020504	1.908308148	2.856184721
0.603413603	1.915140152	2.853030443
0.6034251787	1.913018704	2.854009628
0.6034367313	1.914515615	2.853318691
0.603448307	1.910558105	2.855145693
0.6034598596	1.917471409	2.851954699
0.6034714122	1.924251914	2.848827362
0.6034829879	1.926835299	2.847636461
0.6034945405	1.886412382	2.866309881
0.6035061161	1.870140553	2.873850346
0.6035176687	1.854176164	2.881261587
0.6035292214	1.855990171	2.880418778
0.603540774	1.847206116	2.884501457
0.6035523496	1.828975678	2.892987251
0.6035639023	1.827676058	2.893592835
0.6035754548	1.836112499	2.88966322
0.6035870305	1.835182071	2.890096426
0.6035985831	1.830531836	2.89226222
0.6036101357	1.832893014	2.891162396
0.6036217114	1.845253825	2.885409355
0.603633264	1.844074965	2.885957718
0.6036448397	1.834081173	2.890609026
0.6036563923	1.824453473	2.895094872
0.6036679449	1.81521821	2.89940238
0.6036794975	1.806694746	2.903381825
0.6036910732	1.793069005	2.909751177
0.6037026258	1.791386724	2.910538197
0.6037141784	1.786961317	2.912609339
0.603725754	1.797014594	2.907905817
0.6037373067	1.796154499	2.908308029
0.6037488823	1.78205955	2.914904594
0.6037604349	1.766789794	2.922062635
0.6037719875	1.751191258	2.929387331
0.6037835402	1.751621485	2.929185152
0.6037951158	1.773138523	2.919085026
0.6038066684	1.782197952	2.914839745
0.603818221	1.779590011	2.916061401
0.6038297967	1.763712883	2.923506498
0.6038413493	1.741680503	2.933859587
0.6038529019	1.746050835	2.931803942
0.6038644776	1.7458992	2.931875229
0.6038760302	1.74424398	2.932653666
0.6038875828	1.732797265	2.938040972
0.6038991585	1.725778222	2.941347837
0.6039107341	1.719223023	2.944438458
0.6039222637	1.718736291	2.944668055
0.6039338393	1.718662977	2.944702625
0.603945392	1.710991263	2.948322773
0.6039569446	1.702861786	2.952162266
0.6039685202	1.685591817	2.960330248
0.6039800959	1.672754169	2.966412067
0.6039916255	1.667540193	2.968884707
0.6040032011	1.679572582	2.96318078
0.6040147537	1.671315074	2.967094421
0.6040263063	1.675033689	2.965331554
0.604037882	1.687605977	2.959376812
0.6040494577	1.69376123	2.956464529
0.6040609872	1.707827687	2.949816465
0.6040725629	1.675110579	2.965295076
0.6040841155	1.650113344	2.977159262
0.6040956681	1.649781346	2.977317095
0.6041072438	1.656291246	2.974224091
0.6041187964	1.663472891	2.970814467
0.604130349	1.663791418	2.970663309
0.6041419246	1.652447343	2.976050139
0.6041534773	1.648876429	2.977747202
0.6041650299	1.646359444	2.978943825
0.6041766055	1.649189472	2.977598429
0.6041881581	1.651393175	2.976551056
0.6041997108	1.637241483	2.983281374
0.6042112864	1.61550653	2.993638754
0.604222839	1.598740578	3.001645327
0.6042343916	1.591584802	3.00506711
0.6042459673	1.608188152	2.997131825
0.6042575199	1.622973442	2.990077734
0.6042690725	1.622828364	2.990146875
0.6042806482	1.61401844	2.994348764
0.6042922008	1.593603492	3.004101515
0.6043037534	1.587790847	3.006882429
0.6043153291	1.585805297	3.007832766
0.6043268817	1.577681303	3.01172328
0.6043384343	1.570019603	3.015395641
0.6043500099	1.576990604	3.012054205
0.6043615626	1.587089419	3.007218123
0.6043731152	1.573400259	3.013774872
0.6043846908	1.551652193	3.024212122
0.6043962434	1.538420439	3.03057456
0.6044078191	1.542017341	3.028844118
0.6044193717	1.542448998	3.028636456
0.6044309243	1.547199488	3.026352167
0.6044425	1.550948143	3.024550438
0.6044540526	1.551984191	3.02405262
0.6044656052	1.56429708	3.018140554
0.6044771809	1.568946719	3.015910149
0.6044887335	1.554326057	3.022927523
0.6045002861	1.531353474	3.033976555
0.6045118618	1.527372956	3.035893917
0.6045234144	1.536940694	3.031286717
0.604534967	1.536536455	3.031481266
0.6045465426	1.530702949	3.034289837
0.6045580952	1.521454334	3.038746357
0.6045696479	1.517091155	3.040850401
0.6045812235	1.514380336	3.042158127
0.6045927761	1.498315096	3.049916267
0.6046043288	1.491373062	3.053272963
0.6046159044	1.484321117	3.056685448
0.604627457	1.483794212	3.056940556
0.6046390096	1.486750484	3.055509567
0.6046505853	1.483528256	3.057069302
0.6046621379	1.476045489	3.060693502
0.6046736905	1.467209578	3.064976931
0.6046852662	1.467744947	3.064717293
0.6046968188	1.477722049	3.05988121
0.6047083945	1.468324065	3.064436436
0.6047199471	1.457396865	3.069738865
0.6047314997	1.452849984	3.071947098
0.6047430523	1.451016665	3.07283783
0.6047546279	1.451155543	3.072770357
0.6047661806	1.451185942	3.072755575
0.6047777332	1.448067069	3.074271202
0.6047893088	1.445097923	3.075714588
0.6048008614	1.440628409	3.07788825
0.604812414	1.440055966	3.078166723
0.6048239897	1.449521184	3.073564529
0.6048355423	1.443269014	3.07660389
0.6048470949	1.440519095	3.077941418
0.6048586706	1.439127803	3.078618288
0.6048702232	1.429642558	3.083235502
0.6048817758	1.421242833	3.087328434
0.6048933515	1.42175734	3.087077618
0.6049049271	1.417971492	3.088923454
0.6049164567	1.420809984	3.087539434
0.6049280324	1.427557468	3.084251165
0.604939608	1.434669972	3.080787659
0.6049511376	1.424672842	3.085656643
0.6049627132	1.40816915	3.093706369
0.6049742889	1.397363305	3.098984957
0.6049858185	1.400204063	3.097596645
0.6049973941	1.404926062	3.095289946
0.6050089467	1.400439739	3.097481489
0.6050204993	1.394302607	3.100481272
0.605032075	1.38940537	3.102876425
0.6050436276	1.380501986	3.10723424
0.6050551802	1.381801486	3.1065979
0.6050667559	1.385636926	3.104720354
0.6050783085	1.388268948	3.103432417
0.6050898611	1.387859583	3.103632689
0.6051014369	1.380241513	3.107361794
0.6051129895	1.377548695	3.108680725
0.605124542	1.364757896	3.114950895
0.6051361177	1.361463785	3.116567135
0.6051476703	1.368608356	3.113062382
0.6051592229	1.378953934	3.107992411
0.6051707985	1.380792618	3.107091904
0.6051823512	1.378651142	3.108140707
0.6051939038	1.377948761	3.108484745
0.6052054794	1.381984592	3.106508255
0.605217032	1.376766563	3.109063864
0.6052285846	1.367496967	3.113607407
0.6052401603	1.366689444	3.11400342
0.6052517129	1.367814422	3.113451719
0.6052632655	1.363542914	3.115546942
0.6052748412	1.361823797	3.116390467
0.6052863939	1.349713087	3.122337341
0.6052979776	1.338052869	3.128070593
0.6053095382	1.334798574	3.129672051
0.6053210988	1.330301046	3.131886244
0.6053326824	1.327957988	3.13304019
0.605344243	1.327183485	3.13342166
0.6053558036	1.326190949	3.133910656
0.6053674104	1.329231978	3.132412672
0.6053789479	1.32613039	3.133940458
0.6053905085	1.320587158	3.136672258
0.6054020921	1.322209835	3.135872364
0.6054136527	1.32414794	3.134917259
0.6054252133	1.32640481	3.133805275
0.605436797	1.332274675	3.13091445
0.6054483575	1.329112411	3.132471561
0.6054599181	1.32929492	3.132381678
0.6054715018	1.323757052	3.135109901
0.6054830624	1.327923536	3.133057118
0.605494623	1.321589828	3.136178017
0.6055062066	1.315615177	3.139123917
0.6055177672	1.304338336	3.14468956
0.6055293278	1.293985486	3.149805307
0.6055409115	1.291035652	3.151263952
0.6055524721	1.290687203	3.151436329
0.6055640326	1.30049777	3.146586657
0.6055756163	1.298431635	3.147607565
0.6055871769	1.292891383	3.150346279
0.6055987375	1.288722634	3.152408123
0.6056103211	1.292126656	3.150724411
0.6056218817	1.294850111	3.149377823
0.6056334423	1.296697378	3.14846468
0.605645026	1.290187836	3.151683331
0.6056565866	1.290019631	3.151766539
0.6056681472	1.288373232	3.152580977
0.6056797308	1.285364628	3.154069662
0.6056912914	1.28060174	3.156427383
0.605702852	1.278772712	3.157333136
0.6057144356	1.269195914	3.162078619
0.6057259962	1.264704466	3.164305925
0.6057375568	1.270291448	3.161535502
0.6057491405	1.267851472	3.162745237
0.6057607011	1.262359262	3.165469408
0.6057722617	1.257261276	3.167999506
0.6057838453	1.258473992	3.167397499
0.6057954059	1.25671041	3.168272972
0.6058069665	1.254202485	3.169518232
0.6058185502	1.251883984	3.170669794
0.6058301107	1.254298091	3.169470787
0.6058416713	1.256574988	3.168340206
0.605853255	1.258039355	3.167613268
0.6058648386	1.261393428	3.165948629
0.6058763762	1.260048151	3.166616201
0.6058879598	1.257378936	3.167941093
0.6058995204	1.252034187	3.170595169
0.605911081	1.246845245	3.173173428
0.6059226647	1.247623324	3.172786713
0.6059342253	1.251936317	3.170643807
0.6059457858	1.244974971	3.174103022
0.6059573695	1.233924985	3.179599524
0.6059689301	1.233685017	3.179718971
0.6059804907	1.236482382	3.178326845
0.6059920743	1.23432827	3.179398775
0.6060036349	1.234544396	3.179291248
0.6060151955	1.230238318	3.18143487
0.6060267792	1.230747223	3.181181431
0.6060383628	1.226852655	3.183120966
0.6060499003	1.227572084	3.182762623
0.606061484	1.228478313	3.182311297
0.6060730446	1.230155945	3.181475878
0.6060846283	1.230888009	3.181111336
0.6060961888	1.230141997	3.181482792
0.6061077494	1.231885552	3.18061471
0.60611931	1.232978463	3.180070639
0.6061308937	1.231959343	3.180577993
0.6061424543	1.229193568	3.181955099
0.6061540149	1.234508872	3.179308891
0.6061655985	1.235229015	3.178950548
0.6061771591	1.233192563	3.179964066
0.6061887197	1.229669452	3.181718111
0.6062003034	1.225425482	3.18383193
0.6062118639	1.218358398	3.187354088
0.6062234245	1.211310148	3.19086957
0.6062350082	1.209617019	3.191714525
0.6062465688	1.210365176	3.191341162
0.6062581294	1.209317923	3.191863775
0.606269713	1.207682848	3.192679882
0.6062812736	1.209731102	3.191657543
0.6062928342	1.207891107	3.192575932
0.6063044179	1.210320711	3.191363335
0.6063159784	1.21638608	3.188337565
0.6063275852	1.206683278	3.193178892
0.6063391227	1.197957873	3.197536945
0.6063506833	1.193590522	3.199719906
0.6063622669	1.192412257	3.200309038
0.6063738275	1.192458987	3.200285673
0.6063853881	1.190325975	3.201352358
0.6063969718	1.185919404	3.203556776
0.6064085324	1.180848718	3.206094742
0.606420093	1.178632259	3.20720458
0.6064316766	1.179783464	3.206628084
0.6064432372	1.182747126	3.205144405
0.6064547978	1.183473468	3.204780817
0.6064663815	1.183723092	3.204655886
0.606477942	1.179198384	3.206921101
0.6064895026	1.178064346	3.207489014
0.6065010863	1.176198363	3.208423615
0.6065126469	1.175075173	3.208986282
0.6065242075	1.167901397	3.212581635
0.6065357911	1.167020798	3.213023186
0.6065473517	1.164514422	3.214280129
0.6065589123	1.160210252	3.216439486
0.606570496	1.163180709	3.214949131
0.6065820566	1.169454575	3.211802959
0.6065936172	1.170221329	3.211418629
0.6066052008	1.168048739	3.212507725
0.6066167614	1.172998071	3.210026979
0.606628322	1.170692682	3.211182356
0.6066399056	1.163528085	3.214774847
0.6066514662	1.155100346	3.219004393
0.6066630268	1.149596572	3.221768618
0.6066746105	1.150310397	3.221410036
0.6066861711	1.150541067	3.221294165
0.6066977317	1.150603652	3.221262693
0.6067093153	1.156152606	3.218476057
0.6067208759	1.153782249	3.219666243
0.6067324596	1.152416349	3.220352173
0.6067440202	1.156951904	3.218074799
0.6067555807	1.159754634	3.216668129
0.6067671413	1.157517672	3.217790842
0.606778725	1.155308843	3.218899727
0.6067902856	1.15427506	3.219418764
0.6068018462	1.154515863	3.219297886
0.6068134298	1.153393865	3.219861269
0.6068250135	1.150139093	3.221496105
0.606836551	1.149778366	3.221677303
0.6068481347	1.150333166	3.221398592
0.6068597183	1.150195479	3.221467733
0.6068712789	1.150434256	3.221347809
0.6068828395	1.148263216	3.222438574
0.6068944001	1.145095587	3.224030495
0.6069059607	1.141076565	3.226051092
0.6069175443	1.136438608	3.228384018
0.6069291049	1.131204367	3.231018305
0.6069406655	1.13127923	3.230980635
0.6069522492	1.131998658	3.230618477
0.6069638098	1.132049322	3.230592966
0.6069753703	1.133432388	3.229896784
0.606986954	1.134080052	3.229570866
0.6069985146	1.13375175	3.22973609
0.6070100752	1.130211711	3.23151803
0.6070216589	1.131486177	3.230876446
0.6070332194	1.132023215	3.230606079
0.60704478	1.135887504	3.228661299
0.6070563637	1.135204673	3.22900486
0.6070679474	1.1320436	3.230595827
0.6070794848	1.127615213	3.232825518
0.6070910685	1.126321077	3.233477354
0.6071026291	1.125120282	3.234082222
0.6071142128	1.126409054	3.233433008
0.6071257733	1.124444962	3.234422445
0.6071373339	1.122988939	3.235156059
0.6071488945	1.122703552	3.235299826
0.6071604782	1.118871927	3.237231016
0.6071720388	1.118772626	3.237281084
0.6071836224	1.118135095	3.237602472
0.607195183	1.113430381	3.239974976
0.6072067436	1.111728549	3.240833521
0.6072183042	1.109346151	3.242035627
0.6072298879	1.106381536	3.243531942
0.6072414484	1.1087116	3.242355824
0.6072530321	1.107115984	3.243161202
0.6072645927	1.105693936	3.24387908
0.6072761533	1.102548242	3.245467424
0.6072877142	1.102634192	3.245424032
0.6072992975	1.103638411	3.244916916
0.6073108581	1.103974104	3.2447474
0.6073224418	1.103662968	3.244904518
0.6073340024	1.099950314	3.24677968
0.607345563	1.097369552	3.248083592
0.6073571697	1.09669435	3.248424768
0.6073687072	1.097638488	3.247947693
0.6073802698	1.094542861	3.249512196
0.607391857	1.093876362	3.249849081
0.6074034212	1.094199419	3.249685764
0.6074149853	1.092929363	3.250327826
0.6074265726	1.093720317	3.249927998
0.6074381368	1.094474912	3.249546528
0.6074497016	1.095241427	3.249159098
0.6074612889	1.094426274	3.249571085
0.6074728531	1.094764948	3.2493999
0.6074844172	1.092945933	3.250319481
0.6074960045	1.092563391	3.250512838
0.6075075683	1.092179656	3.250706911
0.6075191328	1.093402386	3.250088692
0.6075307198	1.091319561	3.251141787
0.6075423073	1.08930552	3.252160311
0.6075538484	1.089021683	3.252303839
0.6075654353	1.089091063	3.252268791
0.6075769998	1.082650423	3.255527496
0.6075885871	1.080757499	3.256485701
0.6076001512	1.084179997	3.254753351
0.6076117154	1.086953044	3.253350258
0.6076232796	1.084329844	3.254677534
0.6076348669	1.081961751	3.255876064
0.607646431	1.080968857	3.256378651
0.6076579952	1.083564282	3.255064964
0.6076695824	1.08313179	3.255283833
0.6076811466	1.098916292	3.247302055
0.6076927105	1.077574372	3.25809741
0.6077042977	1.074539781	3.259634495
0.6077158622	1.073910117	3.259953499
0.6077274494	1.073667288	3.260076523
0.6077390136	1.073089361	3.260369301
0.6077505778	1.073417306	3.260203123